건강증진센터명,건강증진센터구분,소재지도로명주소,소재지지번주소,위도,경도,건강증진업무내용,운영시작시각,운영종료시각,휴무일정보,건물면적,의사수,간호사수,사회복지사수,영양사수,기타인력현황,기타이용안내,운영기관전화번호,운영기관명,관리기관전화번호,관리기관명,데이터기준일자,제공기관코드,제공기관명
맞춤형건강클리닉,건강증진,인천광역시 연수구 함박뫼로 13,인천광역시 연수구 청학동 465-4,37.41913159,126.6711606,"치매검진, 당뇨.고혈압 상담 및 검사, 뇌경색.심뇌혈관질환, 정신건강 상담",09:00,18:00,"일요일, 공휴일",30,0,5,0,0,0,검사전날 오후8시 전까지 식사마치고 검사당일 아침 금식,032-749-8104,맞춤형건강클리닉,032-749-8122,인천광역시 연수구 보건소,2021-10-25,3520000,인천광역시 연수구
정신건강복지센터,정신보건,경상북도 청송군 청송읍 의료원길 19,경상북도 청송군 청송읍 금곡리 1056-54,36.431132,129.051804,중증정신질환자 관리+정신건강증진사업+아동청소년 정신건강증진사업+자살예방사업,09:00,17:00,토+일+공휴일,413.87,0,4,1,0,0,,054-870-7362,경상북도 청송군 보건의료원,054-870-7361,경상북도 청송군 보건의료원,2022-12-09,5160000,경상북도 청송군
중구정신건강복지센터,정신보건,인천광역시 중구 참외전로72번길 21,인천광역시 중구 전동 2-1,37.47721729,126.6291077,정신건강사업+생명피움사업+종합자가검진 및 상담제공,09:00,18:00,토+일+공휴일,424.85,1,5,12,0,작업치료사(2)+행정요원(1),전화 예약 후 내소 / 전화 및 온라인상담 가능,032-760-6090,인하대학교의과대학부속병원,032-760-6062,인천광역시 중구보건소,2022-11-29,3490000,인천광역시 중구
의령군정신건강복지센터,정신보건,경상남도 의령군 의령읍 의병로8길 16,경상남도 의령군 의령읍 서동리 534,35.3178199,128.2547693,정신질환 예방ㆍ상담ㆍ치료연계+정신질환자 주간재활프로그램 운영+자살예방 및 정신건강증진 교육 등 군민정신건강증진 도모,09:00,18:00,토+일+공휴일,229.8,0,6,1,0,0,정신건강위기상담전화 운영 1577-0199,055-570-4091,의령군보건소,055-570-4022,경상남도 의령군청,2022-12-05,5390000,경상남도 의령군
고성군정신건강복지센터,정신보건,강원도 고성군 간성읍 수성로 30,강원도 고성군 간성읍 신안리 178,38.37761662,128.472194,자살예방+정신건강증진,09:00,18:00,공휴일,,0,4,1,0,보건직(1),,033-680-4001,강원도 고성군보건소,033-680-3541,강원도 고성군보건소,2022-12-01,4340000,강원도 고성군
남부건강생활지원센터,건강증진,강원도 강릉시 성덕포남로 80-22,강원도 강릉시 입암동 59,37.76324924,128.9188369,모바일헬스케어사업+소생활권맞춤형건강증진사업+심뇌혈관질환예방관리사업+한의약건강증진사업+건강한성덕동만들기,09:00,18:00,공휴일,1040.674,1,7,0,2,운동처방사(2)+기타행정인력(2),,033-660-2483,강릉시보건소,033-660-2483,강릉시보건소,2022-11-21,4200000,강원도 강릉시
영동군정신건강복지센터,정신보건,충청북도 영동군 영동읍 반곡동길 7,,36.16849628,127.7759673,정신건강증진+자살예방+아동청소년정신보건,09:00,18:00,토요일+일요일+법정공휴일,978,0,6,6,0,0,,043-740-5924,영동군보건소,043-740-5924,충청북도 영동군 보건소,2022-11-28,4440000,충청북도 영동군
부산서구정신건강복지센터,정신보건,부산광역시 서구 구덕로 127,부산광역시 서구 토성동5가 56-4,35.09631393,129.0220635,중증정신질환자관리사업+정신건강증진사업+아동청소년정신보건사업+자살예방사업,09:00,18:00,토+일+공휴일,660,1,4,7,0,임상심리사(4)작업치료사(1)회계담당(1),상담시 전화예약,051-246-1981,부산대학교병원,051-242-4000,부산광역시 서구 보건소,2022-11-24,3260000,부산광역시 서구
광주광역정신건강복지센터,정신보건,광주광역시 광산구 무진대로 246,,35.16108692,126.807107,정신건강사업 기획+홍보+매뉴얼 개발+지역사회 네트워크 구축,09:00,18:00,토+일+공휴일,,1,12,32,,,,062-600-1930,,062-613-3341,광주광역시청,2022-11-28,6290000,광주광역시
문경시정신건강복지센터,정신보건,"경상북도 문경시 점촌1길 13, 2층",경상북도 문경시 점촌동 232,36.5963534774,128.1980094333,중증 정신질환자 관리사업+정신건강증진·환경 조성사업+자살예방사업,09:00,18:00,토+일+공휴일,169.64,1,6,6,0,,,054-554-0802,문경대학교,054-550-8081,문경시보건소,2022-11-25,5120000,경상북도 문경시
경주시정신건강복지센터,정신보건,경상북도 경주시 양정로 300,경상북도 경주시 동천동 987,35.85948296,129.224632,중증정신질환관리사업+정신건강증진사업+아동청소년 정신건강증진사업+자살예방 및 정신건강증진사업+정신보건환경조성사업+통합정신건강증진사업,09:00,18:00,토요일+일요일+공휴일,112,1,4,9,0,임상심리사(1),전문의 상담시 전화예약 필수,054-777-1577,새빛병원,054-779-8652,경상북도 경주시 보건소,2022-11-28,5050000,경상북도 경주시
영월군정신건강복지센터,정신보건,강원도 영월군 영월읍 하송로 46-43,강원도 영월군 영월읍 하송리 236-2,37.18544643,128.461674,정신건강증진+자살예방,09:00,18:00,매주토요일+공휴일,244.2,0,5,3,0,,음주 하지 않은 상태,033-370-2556,직영,033-372-4000,강원도 영월군청,2022-11-21,4270000,강원도 영월군
김해시정신건강복지센터,정신보건,"경상남도 김해시 주촌면 주선로 29-1, 3층","경상남도 김해시 주촌면 선지리 635-1, 3층",35.23477742,128.8457571,중증정신질환관리+자살예방 및 정신건강증진+아동청소년 정신건강증진,09:00,18:00,"매주 토요일,일요일+공휴일",203.58,1,9,5,0,0,http://gmind.or.kr/,055-320-5949,한사랑병원,055-330-2621,경상남도 김해시 보건소,2022-11-18,5350000,경상남도 김해시
포천시정신건강복지센터,정신보건,경기도 포천시 포천로 1612,경기도 포천시 신읍동 164-3,37.90082576,127.2012628,시민 정신건강 증진+중증정신질환자 지역사회 통합+자살 위험없는 안전사회 구현,09:00,18:00,토+일+공휴일,225,1,1,17,0,0,,031-542-0222,의료법인 일심의료재산,031-538-2114,경기도 포천시청,2022-10-31,5600000,경기도 포천시
남구정신건강복지센터,정신보건,부산광역시 남구 유엔평화로4번길 61,부산광역시 남구 대연동 1753-16,35.134251,129.088534,정신건강상담 및 프로그램 운영,09:00,18:00,토요일+일요일+공휴일,175,1,0,21,0,0,,051-626-4660,인혜의료재단 가나병원,051-607-6421,부산광역시 남구보건소,2022-11-23,3310000,부산광역시 남구
부산광역시강서구정신건강복지센터,정신보건,"부산광역시 강서구 공항진입로 8, ㈜제이슨인터네셔날 2층",부산광역시 강서구 대저2동 1892-2,35.18133851,128.9575791,자살예방 및 정신건강증진 사업 등,09:00,18:00,토+일+공휴일,297,1,1,17,0,임상심리사(2),내소 및 전화로 이용가능,051-973-3418,부산광역시 강서구 정신건강복지센터,051-970-3447,부산광역시 강서구 보건소,2022-11-22,3360000,부산광역시 강서구
상주시정신건강복지센터,정신보건,경상북도 상주시 경상대로 3023,경상북도 상주시 무양동 33-4,36.41691331,128.1508541,"중증정신질환자관리, 정신건강증진, 자살예방",09:00,18:00,토+일+공휴일,130.9,1,6,10,0,0,정신과 전문의 상담 예약 필수,054-536-0668,의료법인 심천의료재단,054-537-5251,상주시보건소,2022-11-23,5110000,경상북도 상주시
기장군 정신건강증진센터,정신보건,부산광역시 기장군 정관읍 용수로 11,부산광역시 기장군 정관읍 용수리 1314-1,35.32519573,129.1793749,정신건강증진사업 자살예방사업 중증정신질환자 관리 등,09:00,18:00,토요일+일요일+공휴일,63.5,1,2,21,0,1,예약 후 방문,051-709-2983,인제대학교 해운대백병원,051-709-2934,부산광역시 기장군 보건소,2022-11-22,3400000,부산광역시 기장군
화성시정신건강복지센터(향남클럽하우스),건강증진,경기도 화성시 향남읍 발안만세길 10,,37.12658066,126.904921,정신질환자 지역사회 재활프로그램(남부권),09:00,18:00,토요일+일요일+공휴일,479,0,0,3,0,,,031-352-0175,사회복지법인)경산복지재단,031-5189-3707,경기도 화성시보건소,2022-11-01,5530000,경기도 화성시
무주군보건의료원 건강증진센터,건강증진,전라북도 무주군 무주읍 한풍루로 413,전라북도 무주군 무주읍 당산리 701,36.0058821,127.6716991,기초건강측정 및 상담+운동처방+운동프로그램 운영,09:00,18:00,토+일+공휴일,394.84,0,0,0,0,2,지하1층 무주종합복지관 경로식당+1층 물리치료실+2층 건강증진실 및 대한노인회 무주군지회+3층 대회의실,063-320-8241,전라북도 무주군 보건의료원,063-320-8241,전라북도 무주군 보건의료원,2022-06-16,4740000,전라북도 무주군
하남시정신건강복지센터,정신보건,경기도 하남시 미사강변대로 200,경기도 하남시 망월동 980,37.5676545044,127.1858193513,정신건강증진사업+아동청소년정신건강증진사업+자살예방사업+노인자살예방사업,09:00,18:00,공휴일+매주토요일+매주일요일,,1,5,16,0,4,,031-793-6552,강동성심병원(의료법인 성심의료재단),031-790-6563,경기도 하남시보건소,2022-06-10,4040000,경기도 하남시
동래구정신건강복지센터,정신보건,부산광역시 동래구 명륜로187번길 56,부산광역시 동래구 명륜동 702-54,35.21140793,129.0798561,지역정신건강증진,09:00,18:00,공휴일,103,1,1,15,,3,,051-507-7306,동래구보건소(상록병원위탁),051-550-6696,동래구보건소,2022-06-08,3300000,부산광역시 동래구
성동구정신건강복지센터,정신보건,서울특별시 성동구 행당로 12,서울특별시 성동구 금호동 1가 444-7,37.5544895353,127.021461921,"정신건강증진, 중증정신질환자 관리",09:00,18:00,공휴일,176.78,1,2,9,,,,02-2298-1080,한양대학교병원,02-2298-7093,성동구보건소,2022-06-21,3030000,서울특별시 성동구
건강증진센터,건강증진,경북 칠곡군 왜관읍 관문로1길 30,경상북도 칠곡군 왜관읍 매원리 692-5,35.99070797,128.4186406,ㅇ 체력진단 및 운동처방ㅇ 혈압 및 혈당 등 건강검사ㅇ 영양상담 및 운동상담ㅇ 운동프로그램 운영,09:00,18:00,공휴일,324,0,0,0,0,공무직 7명,,054-973-4000,칠곡군보건소,054-973-4000,칠곡군보건소,2022-06-15,5220000,경상북도 칠곡군
광산구정신건강복지센터,정신보건,"광주광역시 광산구 상무대로 239-1, 3층",,35.14062095,126.7932445,정신질환자 사례관리+정신건강증진사업+자살예방사업 등,09:00,18:00,매주토요일+매주일요일+공휴일,448.3,1,3,15,0,0,,062-941-8567,광산구정신건강복지센터,062-960-8765,광주광역시 광산구 보건소,2022-06-16,3630000,광주광역시 광산구
광산구중독관리통합지원센터,정신보건,"광주광역시 광산구 상무대로 287, 3층",광주광역시 광산구 소촌동 522-110,35.14360579,126.7928318,알코올 중독자 사례관리+재활프로그램 등,09:00,18:00,매주토요일+매주일요일+공휴일,400,0,4,7,0,0,,062-714-1233,광산구중독관리통합지원센터,062-960-8981,광주광역시 광산구 보건소,2022-06-16,3630000,광주광역시 광산구
여수건강증진센터,건강증진,전라남도 여수시 시청서4길47(학동),전라남도 여수시 학동 213,34.75931552,127.6603872,"대사증후군관리사업,영양플러스사업,신체활동사업,영양관리사업",09:00,18:00,토요일+일요일+공휴일,34.759613,0,16,0,2,운동처방사(3),검사전날 밤10시부터 금식,061-659-4213,자체운영,061-659-4242,전라남도 여수시청,2022-06-09,4810000,전라남도 여수시
의정부시건강증진센터,건강증진,경기도 의정부시 범골로 131,경기도 의정부시 의정부동 516,37.73615933,127.0395595,"건강증진센터 운영(개인별 맞춤형 운동처방, 운동·영양 교육 및 상담), 대사증후군 관리",09:00,18:00,월+화+수+목+금+토+일+공휴일,159.51,0,1,0,1,운동처방사(1),,031-870-6089,의정부시보건소,031-870-6010,의정부시보건소,2022-05-31,3820000,경기도 의정부시
김천시정신건강복지센터,정신보건,"경상북도 김천시 체육공원길 21, 3층",경상북도 김천시 지좌동 440-128,36.1197327,128.1445275,정신건강증진 및 자살예방사업,09:00,18:00,토+일+공휴일,161,0,4,5,0,0,,054-433-4005,경상북도 김천시 보건소,054-421-2744,경상북도 김천시 보건소,2022-05-31,5060000,경상북도 김천시
충주시건강증진센터,건강증진,충청북도 충주시 사직산21길34,충청북도 충주시 사직산21길34,36.97085167,127.9280135,영양+운동+건강상담,09:00,06:00,토+일+법정공휴일,268,0,1,0,1,1,,043-850-3551,충주시 건강증진센터,043-850-3520,충주시청 보건소,2022-05-31,4390000,충청북도 충주시
서울특별시 구로정신건강복지센터,정신보건,서울특별시 구로구 새말로60,,37.50321336,126.8866567,정신건강증진사업 업무전반,09:00,18:00,토+일요일 및 공휴일,329.28,0,7,13,0,2,정신질환 및 일반인,02-861-2284,서울특별시 구로구 보건소,02-860-2615,서울특별시 구로구 보건소,2022-02-28,3160000,서울특별시 구로구
통영시정신건강복지센터,정신보건,"경상남도 통영시 안개4길 108,(무전동)",경상남도 통영시 무전동 401-1,34.85980836,128.4320132,정신건강증진 및 자살예방사업,09:00,18:00,토요일+일요일+공휴일,202.82,1,5,5,,2,,055-650-6542,경상남도 통영시보건소,055-650-6542,경상남도 통영시 보건소,2022-01-27,5330000,경상남도 통영시
창녕군정신건강복지센터,정신보건,경상남도 창녕군 창녕읍 우포2로 1189-35,경상남도 창녕군 창녕읍 교리 996-1,35.5436522,128.4900857,"정신건강증진사업, 자살예방사업, 중증정신질환자 관리 등",09:00,18:00,토+일+공휴일,482.14,1,5,3,0,0,전문의상담은 예약 후 방문,055-530-6260,경상남도 창녕군 보건소,055-530-7512,경상남도 창녕군 보건소,2022-01-14,5410000,경상남도 창녕군
광주북구정신건강복지센터,정신보건,광주광역시 북구 북문대로 43,광주광역시 북구 운암동 90-3,35.17518862,126.8807727,"정신건강증진, 정신장애인 및 자살예방 사례관리",09:00,18:00,매주일요일+공휴일,694.85,12,6,14,,"정신보건임상심리사(6), 작업치료사(1)","본소(1), 분소(2)를 운영하고 있음",062-267-5510,전남대학교 산학협력단,062-410-8971,광주광역시 북구 보건소,2021-12-31,3620000,광주광역시 북구
고성군정신건강복지센터,정신보건,경상남도 고성군 고성읍 남포로 79번길 103-3,경상남도 고성군 고성읍 대독리 4,34.96957375,128.3154029,"재가정신질환자등록관리, 재활프로그램운영, 정신건강교육 등 정신건강증진사업운영",09:00,18:00,토+일+공휴일,150,1,3,1,0,,,055-670-4057,,055-670-4055,경상남도 고성군 보건소,2021-12-29,5420000,경상남도 고성군
해운대구건강증진센터,건강증진,부산광역시 해운대구 반송로 853,부산광역시 해운대구 반송동 683-48,35.23004498,129.1478938,예방보건 다목적 체육시설,09:00,18:00,토+일요일+공휴일,4163.08,0,0,0,0,29명,,051-717-3445,(사)해운대스포츠클럽,051-749-7505,해운대구보건소,2021-12-14,3330000,부산광역시 해운대구
부여군 건강재활센터,건강증진,충청남도 부여군 부여읍 성왕로 205,충청남도 부여군 부여읍 구아리 136,36.28305231,126.9093363,장애인 등록관리 및 재활서비스 제공+장애인 재활치료 및 사회참여 프로그램+원스톱 건강관리 클리닉 및 운동처방실 운영+대사증후군 건강관리 운동교실 운영 등,09:00,18:00,토+일+공휴일,823.67,0,0,0,1,작업치료사(1)+운동처방사(2),,041-830-8732,충청남도 부여군보건소,041-830-8600,충청남도 부여군청,2022-12-12,4570000,충청남도 부여군
오석산정신요양원,정신보건,충청남도 부여군 부여읍 청마로 61,충청남도 부여군 부여읍 능산리 214-4,36.28025591,126.9518851,만성정신질환자 입소 관리,09:00,18:00,공휴일,2131.87,1,2,7,1,시설장(1)+사무국장(1)+사무원(1)+전문요원(2)+조리원(2)+작업지도원(1)+관리인(1)+안전관리요원(1)+위생원(1),,041-835-5900,사회복지법인 오석산요양원,041-830-8638,충청남도 부여군청,2022-12-12,4570000,충청남도 부여군
부여군 정신건강복지센터,정신보건,충청남도 부여군 부여읍 성왕로 205,충청남도 부여군 부여읍 구아리 136,36.28305231,126.9093363,지역사회 정신건강증진사업+자살예방사업 등,09:00,18:00,토+일+공휴일,43.49,0,2,4,0,,,041-830-8626,충청남도 부여군보건소,041-830-8622,충청남도 부여군청,2022-12-12,4570000,충청남도 부여군
동부보건소 시민건강증진센터,건강증진,제주특별자치도 서귀포시 남원읍 태위로 527,제주특별자치도 서귀포시 남원읍 남원리 2359-1,33.27562882,126.7034172,체력단련실+체지방측정+건강상담,09:00,18:00,토+일+공휴일,395.91,0,0,0,0,공중보건의(1),보건소 그린리모델링 공사로 임시 중단,064-760-6123,제주특별자치도 서귀포시 동부보건소,064-760-6123,제주특별자치도 서귀포시 동부보건소,2022-12-15,6520000,제주특별자치도 서귀포시
동부보건소 성산보건지소 건강증진센터,건강증진,제주특별자치도 서귀포시 성산읍 고성오조로 42,제주특별자치도 서귀포시 성산읍 고성리 336-2,33.44655494,126.9157478,체력단련실+체지방측정+건강상담,09:00,18:00,토+일+공휴일,395.91,0,0,0,0,공공근로(1),,064-760-6478,제주특별자치도 서귀포시 동부보건소 성산보건지소,064-760-6123,제주특별자치도 서귀포시 동부보건소,2022-12-15,6520000,제주특별자치도 서귀포시
동부보건소 표선보건지소 건강증진센터,건강증진,제주특별자치도 서귀포시 표선면 표선중앙로 17,제주특별자치도 서귀포시 표선면 표선리 312,33.33112995,126.8302633,체력단련실+체지방측정+건강상담,09:00,18:00,토+일+공휴일,395.91,0,0,0,0,공공근로(1),,064-760-6164,제주특별자치도 서귀포시 동부보건소 표선보건지소,064-760-6123,제주특별자치도 서귀포시 동부보건소,2022-12-15,6520000,제주특별자치도 서귀포시
서귀포보건소 주민건강증진센터,건강증진,제주특별자치도 서귀포시 중앙로101번길 52(서홍동),제주특별자치도 서귀포시 서홍동 447-3,33.2534258,126.5553625,체력단련실(장애인전용)+체지방측정+건강상담,09:00,18:00,토+일+공휴일,483.15,0,2,0,2,생활체육지도자(2),코로나19로 체력단련실 임시중단,064-760-6094,제주특별자치도 서귀포시 서귀포보건소,064-760-6041,제주특별자치도 서귀포시 서귀포보건소,2022-12-15,6520000,제주특별자치도 서귀포시
서귀포보건소 정신건강복지센터,정신보건,제주특별자치도 서귀포시 중앙로101번길 52(서홍동),제주특별자치도 서귀포시 서홍동 447-3,33.2534258,126.5553625,재활프로그램+정신건강상담,09:00,18:00,토+일+공휴일,208.86,0,3,8,0,행정업무간호사(1)+간호조무사(1),,064-760-6553,제주특별자치도 서귀포시 서귀포보건소,064-760-6553,제주특별자치도 서귀포시 서귀포보건소,2022-12-15,6520000,제주특별자치도 서귀포시
서귀포보건소 중독관리통합지원센터,정신보건,제주특별자치도 서귀포시 중앙로101번길 52(서홍동),제주특별자치도 서귀포시 서홍동 447-3,33.2534258,126.5553625,중독상담+재활프로그램,09:00,18:00,토+일+공휴일,208.86,0,4,0,0,행정업무간호사(1)+간호조무사(1),,064-760-6552,제주특별자치도 서귀포시 서귀포보건소,064-760-6552,제주특별자치도 서귀포시 서귀포보건소,2022-12-15,6520000,제주특별자치도 서귀포시
서부보건소 건강증진센터,건강증진,제주특별자치도 서귀포시 대정읍 최남단해안로15번길 12,제주특별자치도 서귀포시 대정읍 하모리 767-8번지,33.21867078,126.2532429,체력단련실+체지방측정+건강상담,09:00,20:00,토+일+공휴일,213.9,0,0,0,0,운동지도사(1),,064-760-6224,제주특별자치도 서귀포시 서부보건소,064-760-6224,제주특별자치도 서귀포시 서부보건소,2022-12-15,6520000,제주특별자치도 서귀포시
서부보건소 안덕보건지소 건강증진센터,건강증진,제주특별자치도 서귀포시 안덕면 화순중앙로12번길 30-9,제주특별자치도 서귀포시 안덕면 화순리 1158-11번지,33.2505223,126.3313996,체력단련실+체지방측정+건강상담,09:00,20:00,토+일+공휴일,,0,0,0,0,운동지도사(1),,064-760-6224,제주특별자치도 서귀포시 서부보건소,064-760-6224,제주특별자치도 서귀포시 서부보건소,2022-12-15,6520000,제주특별자치도 서귀포시
남원시 보건소 주민건강증진센터,건강증진,전라북도 남원시 요천로 1285,전라북도 남원시 조산동 455,35.39783988,127.3639897,금연+절주+영양+신체활동+비만 등맞춤형 건강상담 및 교육,09:00,18:00,토+일+공휴일,214.56,0,2,0,1,간호조무사(1)+운동지도사(1),,063-620-7987,전라북도 남원시 보건소,063-625-4000,전라북도 남원시 보건소,2022-11-30,4700000,전라북도 남원시
산남지역 건강증진센터,건강증진,경상북도 청송군 안덕면 안덕로 80,경상북도 청송군 안덕면 명당리 433-6,36.288849,128.959653,대사증후군관리+체성분측정+영양+운동상담,08:30,17:30,토+일+공휴일,673,0,0,0,1,운동처방사(1),,054-870-7446,경상북도 청송군 보건의료원,054-870-7242,경상북도 청송군 보건의료원,2022-12-09,5160000,경상북도 청송군
울산광역시남구정신건강복지센터,정신보건,울산광역시 남구 삼산중로 132,울산광역시 남구 삼산동 1538-4,35.5453601,129.3363124,"정신질환자 재활, 정신건강교육.상담.홍보, 자살예방사업",09:00,18:00,"토요일, 공휴일",288.64,1,6,10,0,임상심리사2,,052-227-1116,큰빛병원,052-226-2450,울산광역시 남구보건소,2022-06-10,3700000,울산광역시 남구
무거건강생활지원센터,건강증진,울산광역시 남구 대학로 147번길 41-26,울산광역시 남구 무거동 1533-6,35.55124599,129.2596398,건강생활습관 형성지원 및 만성질환 예방관리,09:00,18:00,"토요일, 공휴일",1226,0,4,0,2,물리치료사(2)+운동처방사(2),,052-226-2340,무거건강생활지원센터,052-226-2805,울산남구보건소,2022-06-10,3700000,울산광역시 남구
수정구보건소 건강증진센터,건강증진,경기도 성남시 수정구 수정로 218,경기도 성남시 수정구 신흥동 3435,37.4443296,127.1440618,대사증후군관리+체성분측정+영양+운동상담,09:00,18:00,토요일+일요일+공휴일,156.67,0,1,0,1,생활스포츠지도사(1),대사증후군 검사시 전날 밤 10시부터 금식(대사증후군 예약제로 운영),031-729-3860,수정구보건소,031-729-3859,경기도 성남시 수정구보건소,2022-05-30,3780000,경기도 성남시
중원구보건소 건강증진센터,건강증진,경기도 성남시 중원구 금상로 137,경기도 성남시 중원구 상대원동 269-10,37.44215625,127.1705808,대사증후군관리+영양+운동,09:00,18:00,토요일+일요일+공휴일,75,0,1,0,1,운동처방사(3),검사 전날 밤 10부터 금식 요망,031-729-3936,중원구보건소,031-729-3930,경기도 성남시 중원구보건소,2022-05-30,3780000,경기도 성남시
분당구보건소 건강증진센터,건강증진,경기도 성남시 분당구 양현로 306,경기도 성남시 분당구 야탑동 349,37.4110097,127.124601,대사증후군관리+체성분측정+영양+운동상담,09:00,18:00,토요일+일요일+공휴일,2752,0,1,0,2,생활스포츠지도사(3),검사 전 예약요망,031-729-4005,분당구보건소,031-729-4001,경기도 성남시 분당구보건소,2022-05-30,3780000,경기도 성남시
달성군정신건강복지센터,정신보건,"대구광역시 달성군 옥포읍 비슬로458길 6-2, 3층",대구광역시 달성군 옥포읍 기세리 267,35.789593,128.471279,정신건강증진사업+중증정신질환자 관리사업+자살예방사업+아동·청소년정신건강증진사업+통합정신건강증진사업,09:00,18:00,매주 토·일요일+공휴일,249.9,1,1,11,0,임상심리사(7),,053-643-0199,계명대학교 동산병원,053-668-3773,대구광역시 달성군보건소,2022-06-08,3480000,대구광역시 달성군
곡성군정신건강복지센터,정신보건,전라남도 곡성군 곡성읍 곡성로 854,,35.27886716,127.2969046,정신보건,09:00,18:00,주말+공휴일,,1,3,5,,,,061-363-9917,,061-360-8982,전라남도 곡성군,2022-06-13,4860000,전라남도 곡성군
태안군보건의료원 건강검진센터,건강증진,충청남도 태안군 태안읍 서해로 1952-16,충청남도 태안군 태안읍 평천리 698-6,36.7518786,126.3231987,국가 암 및 건강검진 등,09:00,18:00,"토, 일, 공휴일 휴무",330,2,6,0,1,3,0,041-671-5246,태안군보건의료원,041-671-5246,태안군보건의료원,2022-06-13,4620000,충청남도 태안군
영도구 정신건강복지센터,정신보건,부산광역시 영도구 동삼북로 3(동삼동),부산광역시 영도구 동삼동 1121,35.08302016,129.0692231,정신건강과 자살예방 관련 상담 및 프로그램 진행,09:00,18:00,토요일+일요일,174,1,1,9,0,6,,051-404-3379,영도구 정신건강복지센터,051-419-4924,영도구보건소,2022-06-08,3280000,부산광역시 영도구
사천시정신건강복지센터,정신보건,경상남도 사천시 용현면 시청로 77-1,,35.00448215,128.0641106,지역주민 정신건강증진사업,09:00,18:00,매주토요일+일요일+공휴일,,0,6,1,0,임상자문의(1),,055-831-2794,,055-831-3575,사천시 보건소,2022-05-30,5340000,경상남도 사천시
유성구정신건강복지센터,정신보건,"대전광역시 유성구 박산로 177, 유성구보건소 2층","대전광역시 유성구 구암동 91-6, 유성구보건소 2층",36.3538124711,127.3286409054,정신건강관리,09:00,18:00,매주토요일+매주일요일+공휴일,,1,1,11,,,,042-825-3527,,,대전광역시 유성구 보건소,2022-06-15,3670000,대전광역시 유성구
대구서구건강생활지원센터,건강증진,대구광역시 서구 서대구로7길 46,대구광역시 서구 내당동 305-22,35.8607456,128.551449,만성질환 상담실 및 운동 프로그램 운영+내당권역 방문건강관리사업,09:00,18:00,토요일+일요일+공휴일,446.14,0,4,0,0,운동전문인력(1),,053-663-3232,서구건강생활지원센터,053-663-3111,대구광역시 서구보건소,2022-06-02,3430000,대구광역시 서구
대구북구정신건강복지센터,정신보건,"대구광역시 북구 성북로 43, 4층","대구광역시 북구 침산동 521-1, 4층",35.891605,128.5882723,중증정신질환자 관리+정신건강증진사업+아동청소년 정신건강증진사업+자살예방사업 등,09:00,18:00,공휴일,251.71,1,3,12,0,2,,053-353-3631,대구북구정신건강복지센터,053-665-3221,대구광역시 북구보건소,2022-05-30,3450000,대구광역시 북구
진주시 정신건강복지센터,정신보건,경상남도 진주시 문산읍 월아산로 983,경상남도 진주시 문산읍 삼곡리 995-1,35.15912752,128.163613,주간재활프로그램+무료상담소 운영+정신질환 의료비 지원 등,09:00,18:00,토요일+매주 일요일+공휴일,792,1,12,3,,4,전화 요망,055-749-5774,,,진주시 보건소,2022-05-23,5310000,경상남도 진주시
울산광역시 북구보건소 건강증진센터,건강증진,"울산광역시 북구 산업로 1018, 2층건강관리센터",울산광역시 북구 연암동 1082,35.58355486,129.3607258,만성질환 예방 및 관리,09:00,18:00,공휴일+주말,943.48,0,2,0,2,운동처방사(2),12:00~13:00 중식시간 이용불가,052-241-8168,울산북구보건소,052-289-3450,울산광역시 북구 보건소,2022-06-07,3720000,울산광역시 북구
부천시정신건강복지센터,정신보건,경기도 부천시 성오로 172,경기도 부천시 오정동 129번지,37.5283486197,126.7960258927,중증정신질환자관리사업+아동청소년정신보건사업+자살예방사업+정신건강증진사업,09:00,18:00,토요일+일요일+공휴일,687,1,10,42,0,5,,032-654-4024,순천향대학교부천병원,032-625-4131,부천시보건소,2022-05-31,3860000,경기도 부천시
건강증진센터,건강증진,경기도 오산시 경기동로 59,경기도 오산시 오산동 25,37.15936876,127.0778335,대사증후군관리+영양관리+비만관리+신체활동교육,09:00,18:00,토+일+공휴일,,0,2,0,1,운동처방사(2),대사증후군 검사 전날 최소 10시간 금식,031-8036-6071,오산시보건소,031-8036-6604,오산시보건소,2022-08-25,4000000,경기도 오산시
정신건강복지센터,정신보건,서울특별시 종로구 성균관로15길 10,서울특별시 종로구 명륜1가 5-14,37.590054,126.9976147,정신건강증진사업,09:00,18:00,매주 토요일+일요일+공휴일,201.24,1,0,13,0,,방문상담시 사전예약,02-745-0199,정신건강복지센터,02-2148-3603,서울특별시 종로구 보건소,2022-09-05,3000000,서울특별시 종로구
명륜건강증진센터,건강증진,서울특별시 종로구 성균관로1길 6-3,서울특별시 종로구 명륜3가 147-1,37.5834055,126.9977661,대사증후군관리,09:00,18:00,2020.2월부터 코로나 확산 방지를 위해 센터운영 잠정중단,219.68,1,2,0,2,운동처방사(2),검사 전날 밤 10시부터 금식 요망,02-2148-3735,명륜건강증진센터,02-2148-3735,서울특별시 종로구 보건소,2022-09-05,3000000,서울특별시 종로구
익산시정신건강복지센터,건강증진,전라북도 익산시 무왕로 975,,35.96098753,126.9664376,"정신건강증진사업, 아동청소년 정신보건사업, 자살예방사업",09:00,18:00,토+일+공휴일,,1,1,8,,심리상담사(1),,063-841-4235,,,익산시 보건소,2022-03-09,4680000,전라북도 익산시
진산요양원,정신보건,전라남도 나주시 노안면 노안삼도로 507-22,전라남도 나주시 노안면 오정리 301-28,35.089994,126.6945442,정신요양시설운영,09:00,18:00,일+공휴일,,1,5,11,1,관리인(1)+간호조무사(1)+위생원(1)+조리원(3)+작업지도원(1)+안전관리요원(1)+사무원(3)+정신보건전문요원(2),상담후 결정,061-336-1911,진산요양원,062-608-3283,광주광역시 동구보건소,2022-08-11,3590000,광주광역시 동구
빛고을정신요양원,정신보건,전라남도 나주시 다도면 다도로 287-22,전라남도 나주시 다도면 송학리 990-3,34.98546561,126.8276577,정신요양시설운영,09:00,18:00,일+공휴일,,1,7,22,1,관리인(1)+간호조무사(3)+위생원(2)+조리원(5)+안전관리요원(1)+사무원(2),상담후 결정,061-337-3427,빛고을정신요양원,062-608-3283,광주광역시 동구보건소,2022-08-11,3590000,광주광역시 동구
광주동구정신건강복지센터,정신보건,광주광역시 동구 서남로 14,광주광역시 동구 서석동,35.1449509557,126.9231629766,정신 건강예방서비스,09:00,18:00,일+공휴일,,1,5,8,0,,상담후 결정,062-233-0468,광주동구정신건강복지센터,062-608-3282,광주광역시 동구보건소,2022-08-11,3590000,광주광역시 동구
광주동구중독관리통합지원센터,정신보건,"광주광역시 동구 구성로 190, 2층","광주광역시 동구 금남로5가 183-1, 2층",35.152598,126.913948,중독자 등록관리+중독예방사업,09:00,18:00,일+공휴일,330.51,0,2,6,0,,상담후 결정,062-222-5666,광주동구중독관리통?d지원센터,062-608-3284,광주광역시 동구보건소,2022-08-11,3590000,광주광역시 동구
정신건강복지센터,정신보건,경상북도 경산시 남매로 158,경상북도 경산시 중방동 708-5,35.82511247,128.7432823,정신건강증진사업 및 자살예방사업,09:00,18:00,토+일+공휴일,151,1,2,4,0,4,www.gsmind.or.kr,053-816-7190,세명병원,053-810-6383,경상북도 경산시보건소,2022-06-10,5130000,경상북도 경산시
단양군 CCTV통합관제센터 체력단련실,건강증진,충청북도 단양군 단양읍 별곡1로 17,충청북도 단양군 단양읍 별곡리 311,36.98473681,128.3674437,체력단련실,06:00,21:00,코로나19 종료 시 연중무휴,,0,5,2,0,1,043-420-3277+043-420-3255+043-420-3227,043-420-3277,충청북도 단양군 보건소,043-420-3277,충청북도 단양군 보건소,2022-06-15,4480000,충청북도 단양군
성정건강생활지원센터,건강증진,충청남도 천안시 서북구 서부8길 29,충청남도 천안시 서북구 성정동 684-1,36.8197764,127.1398813,만성질환관리+영양관리+운동관리+구강관리,09:00,18:00,토+공휴일,825,0,1,0,0,2,0,041-521-2584,성정건강생활지원센터,041-521-2584,충청남도 천안시 서북구보건소,2022-06-13,4490000,충청남도 천안시
옥천군보건소 건강증진센터,건강증진,충청북도 옥천군 옥천읍 삼양로8길 10,충청북도 옥천군 옥천읍 삼양리 161-45,36.30448958,127.5697187,건강증진사업,09:00,18:00,토+일+공휴일,258,2,14,0,2,15,,043-730-2121,충청북도옥천군보건소,043-730-2121,충청북도 옥천군 보건소,2022-05-31,4430000,충청북도 옥천군
대구광역시 중구정신건강복지센터,정신보건,대구광역시 중구 태평로 45,대구광역시 중구 태평로3가 174-1 중구보건소 3층,35.87790606,128.583346,중증정신질환자 관리 및 아동청소년 정신건강 서비스+ 지역주민 정신건강증진+ 자살예방 및 위기대응,09:00,18:00,토요일+일요일+공휴일,132.6,1,0,10,0,정신건강임상심리사(3),주말+야간 정신건강상담전화 1577-0199,053-256-2900,경북대학교병원,053-661-3853,대구광역시 중구보건소,2022-06-07,3410000,대구광역시 중구
구례군 보건의료원 건강증진센터,건강증진,전라남도 구례군 구례읍 동편제길 30,전라남도 구례군 구례읍 백련리 576,35.216048,127.4617801,운동상담+영양상담+금연상담+대사증후군 관리+물리치료실+모바일 헬스케어 관리,09:00,18:00,토+일+공휴일,978.19,0,3,0,1,물리치료사(2)+운동처방사(1),,061-780-2017,전라남도 구례군 보건의료원,061-780-2017,전라남도 구례군청,2022-06-08,4870000,전라남도 구례군
대구수성구정신건강복지센터,정신보건,대구광역시 수성구 수성로 213,대구광역시 수성구 중동 266-5,35.844919,128.6119385422,중증정신질환자관리사업+아동청소년정신보건사업+자살예방사업+정신건강증진사업,09:00,18:00,토+일+공휴일,324,1,5,9,0,임상심리사(5),,053-756-5860,수성중동병원,053-666-3158,대구광역시 수성구보건소,2022-06-15,3460000,대구광역시 수성구
대구수성구보건건강생활지원센터,건강증진,대구광역시 수성구 욱수천로 99,대구광역시 수성구 신매동 170-2,35.8369885032,128.7128212323,대사증후군관리+영양+구강+금연+운동+방문건강+모자보건사업,09:00,18:00,토+일+공휴일,934.09,1,5,0,2,0,,053-666-3163,,053-666-3163,대구광역시 수성구보건소,2022-06-15,3460000,대구광역시 수성구
경상북도영주시보건소정신건강복지센터,정신보건,경상북도 영주시 영주로159번길 73,경상북도 영주시 영주동 479-1,36.82876293,128.6159883,통합정신건강증진사업+자살예방사업+중증정신질환 등록관리,09:00,18:00,토+일+공휴일,1255.89,0,4,2,0,심리상담사1,,054-639-5728,경상북도 영주시 보건소,054-631-4000,경상북도 영주시 보건소,2022-06-13,5090000,경상북도 영주시
송광정신재활센터,정신보건,광주광역시 광산구 우산로 17,,35.15982359,126.8041452,정신질환자 재활프로그램 운영 및 사회복귀 도모,09:00,18:00,매주토요일+매주일요일+공휴일,129.14,0,0,3,0,0,정원:20명,062-841-8250,송광정신재활센터,062-960-8981,광주광역시 광산구 보건소,2022-06-16,3630000,광주광역시 광산구
광주동구치매안심센터,정신보건,"광주광역시 동구 서남로 14, 7층","광주광역시 동구 서석동 29, 7층",35.14495096,126.923163,치매예방관리,09:00,18:00,일+공휴일,610.34,1,9,0,0,임상심리사(1)+물리치료사(1)+작업치료사(2)+행정(1),상담후 결정,062-608-3490,광주동구치매안심센터,062-608-3490,광주광역시 동구보건소,2022-08-11,3590000,광주광역시 동구
지원건강생활지원센터,건강증진,"광주광역시 동구 지원로 31-9, 2층","광주광역시 동구 소태동 486-1, 2층",35.125318,126.9351766550,만성질환예방 및 관리사업+신체활동+영양+비만+재활+건강체험관 운영,09:00,18:00,토+일+공휴일,600.87,0,2,0,1,물리치료사(1)+임상병리사(1),사전 전화 예약 후 상담,062-608-3950,지원건강생활지원센터,062-608-3950,광주광역시 동구보건소,2022-08-11,3590000,광주광역시 동구
강북구민건강관리센터(삼각산분소),건강증진,서울특별시 강북구 삼양로19길 154,서울특별시 강북구 미아동 1353-8,37.6170482,127.015605,호흡기환자진료센터+건강운동지원실 운영+어린이체험관 운영,09:00,18:00,공휴일,1492,1,1,0,1,운동처방사(2),,02-901-4801,강북구보건소,02-901-7615,강북구보건소,2022-08-17,3080000,서울특별시 강북구
노원구정신건강복지센터,정신보건,서울특별시 노원구 노해로 455,서울특별시 노원구 상계동 709 인산빌딩 5층,37.65416667,127.0585199,정신질환자 등록관리,09:00,18:00,토+일+공휴일,276.43,0,3,15,0,,음주 문제 상담 불가,02-2116-4591,서울특별시 노원구,02-2116-4357,서울특별시 노원구 보건소,2022-08-16,3100000,서울특별시 노원구
남해군정신건강복지센터,정신보건,경상남도 남해군 남해읍 선소로 6,경상남도 남해군 남해읍 차산리 645-1,34.84474988,127.8987857,"중증정신질환자관리, 주간재활프로그램운영",09:00,18:00,토+일+공휴일,307.55,0,5,4,0,0,,055-860-8785,남해군보건소,055-860-8785,남해군 보건소,2022-03-29,5430000,경상남도 남해군
수서동건강증진센터,건강증진,서울특별시 강남구 밤고개로1길 52,서울특별시 강남구 수서동718,37.48900105,127.1052745,"대사증후군관리,만성질환관리",09:00,18:00,매주토요일+매주일요일+공휴일,40,0,2,0,0,0,검사전날밤10시부터 금식 요망,02-3423-8773,강남구 보건소,02-3423-7111,강남구 보건소,2022-03-25,3220000,서울특별시 강남구
세곡동건강증진센터,건강증진,서울특별시 강남구 밤고개로 286,서울특별시 강남구 율현동 278-1,37.4690094,127.1069041,"대사증후군관리,만성질환관리,고혈압,당뇨 교육",09:00,17:00,매주토요일+매주일요일+공휴일,12,0,1,0,0,0,검사전날밤11시부터 금식 요망,02-3423-8688,강남구 보건소,02-3423-7112,강남구 보건소,2022-03-25,3220000,서울특별시 강남구
효성건강생활지원센터,건강증진,인천광역시 계양구 봉오대로543번길 21,인천광역시 계양구 효성동 85,37.532549,126.7086103178,"만성질환등록관리, 교육 프로그램 운영, 기타서비스제공(금연클리닉, 불소용액 배부, 모자보건 상담 등)",09:00,18:00,토요일+일요일+공휴일,,0,3,0,1,생활체육지도자(1),콜레스테롤검사시 예약 필수,032-430-7793,효성건강생활지원센터,032-430-7801,인천광역시 계양구 보건소,2022-03-25,3550000,인천광역시 계양구
강서구정신건강복지센터,정신보건,"서울특별시 강서구 공항대로 561, B1층","서울특별시 강서구 염창동 275-12, B1층",37.54964994,126.8682802,"중증정신질환관리, 정신건강상담, 자살예방, 알코올중독예방 등",09:00,18:00,토+일+공휴일,238,1,0,14,0,임상심리사(2)+작업치료사(1),상담 전 예약 요망,02-2600-5926,아름다운미래의원,02-2600-5271,서울특별시 강서구 보건소,2022-03-14,3150000,서울특별시 강서구
호평건강생활지원센터,건강증진,경기도 남양주시 호평로68번길 21,경기도 남양주시 호평동 669번지,37.65456666,127.2489491,만성질환 예방관리+건강생활실천 상담+교육프로그램 운영,09:00,18:00,매주토요일+매주일요일+공휴일,253,0,1,0,0,1,,031-590-8084,,,경기도 남양주보건소,2022-03-31,3990000,경기도 남양주시
화도건강생활지원센터,건강증진,경기도 남양주시 화도읍 비룡로 59,경기도 남양주시 화도읍 마석우리 548번지,37.65784817,127.3007103,만성질환 예방관리+건강생활실천 상담+교육프로그램 운영,09:00,18:00,매주토요일+매주일요일+공휴일,825,0,1,0,1,1,,031-590-8434,,,경기도 남양주보건소,2022-03-31,3990000,경기도 남양주시
군포시정신복지센터(부설)자살예방센터,정신보건,경기도 군포시 군포로 221,경기도 군포시 부곡동 770-1,37.3330901,126.9254149,"만성정신장애인 관리, 정신건강사업, 주간재활 프로그램운영, 자살예방사업, 아동청소년정신건강사업,생명존중 및 노인자살예방사업",09:00,18:00,토+일+공휴일,885.03,1,4,19,,,,031-461-1771,학교법인 일송학원 한림대학교성심병원,031-390-8944,경기도 군포시보건소,2022-04-13,4020000,경기도 군포시
중랑구정신건강복지센터,정신보건,서울특별시 중랑구 면목로 238,서울특별시 중랑구 면목동 378-4,37.5739185,127.0851055,중증정신질환자 등록 및 사례관리아동청소년 정신건강사업정신장애인 재활프로그램 운영정신건강상담,09:00,18:00,매주토요일+매주일요일+공휴일,316.9,1,2,13,0,2,,02-2276-7000,서울특별시 서울의료원,02-2094-0853,서울특별시 중랑구 보건소,2022-03-31,3060000,서울특별시 중랑구
인제군 정신건강증진센터,정신보건,강원도 인제군 인제읍 인제로 140번길 34,,38.06327706,128.1685854,"정신건강증진센터운영(정신장애인 사회재활, 아동청소년 정신보건사업) 및 자살예방사업",09:00,18:00,매주토요일+매주일요일+공휴일,101,1,3,2,0,0,,033-461-2425,인제군보건소,033-461-2122,강원도 인제군 보건소,2022-09-27,4330000,강원도 인제군
울산중구정신건강복지센터,정신보건,울산광역시 중구 외솔큰길 225,"울산광역시 중구 남외동 603-2, 중구보건소 3층",35.569483,129.350445,중증정신건강사업+자살예방사업+아동 청소년 정신건강증진사업,09:00,18:00,토요일+일요일+공휴일,330,1,1,8,0,임상심리사(4),,052-292-2900,사람이 소중한 병원,052-290-4361,울산광역시 중구보건소,2022-09-16,3690000,울산광역시 중구
이천시정신건강복지센터,정신보건,경기도 이천시 이섭대천로 1119(증일동) 2층,경기도 이천시 증일동 2,37.27052428,127.4454563,정신건강증진+아동청소년정신건강증진사업+자살예방사업,09:00,18:00,토+공휴일,417.99,1,4,15,0,임상심리사(1)+작업치료자(2),직접내소+전화상담,031-637-2330,이천소망병원,031-644-4086,경기도 이천시청,2022-09-27,4070000,경기도 이천시
산청군 정신건강복지센터,정신보건,경상남도 산청군 산청읍 중앙로 97,경상남도 산청군 산청읍 지리 797,35.41608206,127.8842381,정신건강사업+자살예방사업,09:00,18:00,매주토요일+매주일요일+공휴일,316,0,7,0,0,센터장(1)+공무원(3),,055-970-7637,,055-970-7632,경상남도 산청군청,2022-09-27,5450000,경상남도 산청군
광명시시민건강증진센터,건강증진,경기도 광명시 광명로 942-1,경기도 광명시 광명동 92-10,37.48278046,126.8562947,건강기초검사+상담+어린이 건강체험관+어르신 운동 프로그램 운영,09:00,18:00,법정공휴일,,0,2,0,1,"행정,청원경찰(3)",,02-2680-0967,광명시보건소,02-2680-0965,경기도 광명시 보건소,2022-08-12,3900000,경기도 광명시
건강생활지원센터 고양,건강증진,경기도 고양시 덕양구 혜음로 19-11,경기도 고양시 덕양구 고양동 233-2,37.7025182,126.9011953,건강마을 만들기+대사증후군 등록관리+생애주기별 비만예방 프로그램,09:00,18:00,토+공휴일,143.64,0,1,1,1,,,031-8075-4823,덕양구보건소,031-8075-4046,경기도 고양시 덕양구보건소,2022-09-20,3940000,경기도 고양시
거창군정신건강복지센터,건강증진,경상남도 거창군 거창읍 거함대로 3079,경상남도 거창군 거창읍 송정리 332-3,35.6809363,127.8987274,정신질환대상자 등록 관리+주간재활프로그램 운영+지역주민 정신건강상담 및 지원+자살예방사업 등,09:00,18:00,토+일+공휴일,192,1,6,4,0,물리치료사(1),정신건강의학과 전문의 상담 필요시 사전 연락요망,055-940-8383,경상남도 거창군보건소,055-940-8310,경상남도 거창군청,2022-08-17,5470000,경상남도 거창군
영광군정신건강복지센터,정신보건,전라남도 영광군 영광읍 신남로4길17,전라남도 영광군 영광읍 남천리 326,35.274681,126.504163,정신질환자 사례관리및 상담 교육+정신질환자 사회복귀을 위한 프로그램,09:00,18:00,토+일+공휴일,,1,3,7,,,6시 이후 정신건강 상담 시 콜센터 연결 1393,061-350-4807,영광기독신하병원,061-350-5666,영광군보건소,2022-09-20,4970000,전라남도 영광군
광양시건강증진센터,건강증진,전라남도 광양시 광양읍 인덕로 1100,전라남도 광양시 광양읍 칠성리 70,34.98097674,127.5836111,건강증진사업+모바일헬스케어+워크온,09:00,18:00,토+일+공휴일,178,1,2,1,1,간호조무사(3),,061-797-4103,광양시보건소,061-797-4018,광양시보건소,2022-09-14,4840000,전라남도 광양시
광양시 정신건강복지센터,정신보건,전라남도 광양시 광양읍 인덕로 1100,전라남도 광양시 광양읍 칠성리 70,34.98097674,127.5836111,중증정신질환자 관리사업+아동청소년 정신건강증진사업+자살예방사업 등,09:00,18:00,토+일+공휴일,180,1,8,2,,,,061-797-3746,광양시보건소,061-797-3784,광양시보건소,2022-09-14,4840000,전라남도 광양시
광양시치매안심센터,정신보건,전라남도 광양시 광양읍 호북길 13-3,전라남도 광양시 광양읍 칠성리 898-3,34.98010194,127.5836111,치매상담+치매등록+치매조기검진+치매예방프로그램+공공후견인사업+치매안심마을+치매인식개선 홍보+지역 치매네크워크 구축+치매환자 약제비 지원+조호물품지급+쉼터운영+치매가족지원,09:00,18:00,토+일+공휴일,593,1,7,1,,간호조무사(1),,061-797-4059,광양시보건소,061-797-4124,광양시보건소,2022-09-14,4840000,전라남도 광양시
청도군건강증진센터,건강증진,경상북도 청도군 화양읍 청화로 79-11,경상북도 청도군 화양읍 범곡리 96,35.64862487,128.7372615,수영장+헬스장운영,06:00,21:00,일+설 연휴+추석 연휴,462,0,0,0,0,헬스강사(1)+수영강사(2)+접수(2)+환경정비(3)+기계실(3),회원제 및 일일입장,054-370-2669,청도군 보건소,054-370-6471,경상북도 청도군 보건소,2022-08-31,5190000,경상북도 청도군
중구정신건강복지센터,정신보건,서울특별시 중구 서소문로6길 16,서울특별시 중구 중림동 155-1,37.559432,126.9662595,"중증 정신질환자 등록 관리사업,영유아 아동청소년 지원사업주민정신건강증진사업생명사랑사업 등",09:00,18:00,토+일+기타 법령이 정하는 공휴일,227.7,1,2,11,0,행정담당(1)+임상심리사(3),,02-2236-6606,서울대학교병원,02-3396-6383,서울특별시 중구 보건소,2022-09-19,3010000,서울특별시 중구
서구 보건소 건강증진센터,건강증진,대전광역시 서구 만년로 74,대전광역시 서구 만년동 340,36.367062,127.3810998,"체성분 검사, 운동처방 운동프로그램",09:00,18:00,"토요일,일요일,공휴일",,0,0,0,,,코로나19로 인한 잠정중단,042-288-4545,,,대전광역시 서구보건소,2022-05-26,3660000,대전광역시 서구
서구 관저보건지소 건강증진센터,건강증진,대전광역시 서구 구봉산북로 300,대전광역시 서구 관저동 1424,36.301037,127.345007,"체성분 검사, 운동처방 운동프로그램",09:00,18:00,"토요일,일요일,공휴일",,0,0,0,,,코로나19로 인한 잠정중단,042-288-4634,,,대전광역시 서구보건소,2022-05-26,3660000,대전광역시 서구
건강증진센터,건강증진,경기도 가평군 가평읍 가화로 155-9,경기도 가평군 가평읍 읍내리 624-15번지,37.8329564,127.5112146,"신체활동, 영양업무",9:00,18:00,"토요일, 일요일, 국경일",246.82,0,0,0,2,2,,031-580-2833,가평군보건소,031-582-2488,가평군보건소,2022-05-26,4160000,경기도 가평군
대구남구정신건강복지센터,정신보건,대구광역시 남구 영선길 34,대구광역시 남구 대명동 2003,35.853883,128.5915237,중증정신질환자관리사업+아동청소년정신보건사업+자살예방사업+정신건강증진사업,09:00,18:00,토요일+일요일+공휴일,122.5,1,5,7,0,임상심리사(2),,053-628-5863,영남대학교의료원,053-664-3632,대구광역시 남구보건소,2022-05-19,3440000,대구광역시 남구
건강드림센터,건강증진,경상남도 밀양시 삼문중앙로 41,경상남도 밀양시 삼문동 159-1,35.485619,128.756009,맞춤 운동처방 및 영양상담+지역특화 건강증진+만성질환 관리 프로그램 운영,9:00,18:00,토요일+일요일+공휴일,346.7,0,0,0,1,건강운동관리사(1)+생활스포츠지도사(1),,055-359-7056,밀양시보건소,055-359-7010,경상남도 밀양시청,2022-05-25,5360000,경상남도 밀양시
시민(어르신)건강증진센터,건강증진,전라북도 정읍시 수성1로 61,전라북도 정읍시 수성동 958-2,35.5779812453,126.8545209615,"만성질환건강상담,운동상담,영양상담,시민건강증진교육",09:00,18:00,법정공휴일,,0,1,0,1,1,,063-539-6088,전라북도 정읍시 보건소,063-539-6101,전라북도 정읍시 보건소,2022-05-25,4690000,전라북도 정읍시
부산북구정신건강복지센터,정신보건,부산광역시 북구 만덕대로89번길 9(덕천동) 북구보건소 덕천지소 3층,부산광역시 북구 덕천동 378-7,35.2127675,129.0144018,정신건강증진및재활+생명존중자살예방+아동청소년정신건강증진,9:00,18:00,주말+공휴일,133,1,12,7,0,임상심리사(2),,051-334-3200,부산대학교 산학협력단,051-309-4500,부산광역시 북구 보건소,2022-05-26,3320000,부산광역시 북구
태백시건강증진센터,건강증진,강원도 태백시 태백로 905,강원도 태백시 황지동 20-8,37.176676,128.9924305,건강증진,9:00,18:00,토요일+일요일 휴무,831,0,3,0,1,3,헬스장 이용 불가,033-550-3039,태백시보건소,033-550-2713,태백시보건소,2022-05-25,4220000,강원도 태백시
상당정신건강복지센터,정신보건,충청북도 청주시 상당구 남일면 단재로 480,충청북도 청주시 상당구 남일면 효촌리 92-2,36.5882642096,127.5059388388,정신건강+질병예방+건강관리,09:00,18:00,토요일+일요일+공휴일,176.25,1,3,11,0,0,,043-298-0199,충북대학교병원,043-201-3164,청주시 상당보건소,2022-05-16,5710000,충청북도 청주시
서원정신건강복지센터,정신보건,충청북도 청주시 서원구 구룡산로 235,충청북도 청주시 서원구 수곡동 901,36.61602197,127.4713297,정신건강+질병예방+건강관리,09:00,18:00,토요일+일요일+공휴일,294.37,1,0,10,0,4,,043-291-0199,청주의료원,043-201-3263,청주시 서원보건소,2022-05-16,5710000,충청북도 청주시
흥덕정신건강복지센터,정신보건,충청북도 청주시 흥덕구 비하로15번길 16,충청북도 청주시 흥덕구 비하동 121-7,36.62858039,127.4242658,정신건강+질병예방+건강관리,09:00,18:00,토요일+일요일+공휴일,366.01,1,1,13,0,0,,043-234-8686,혜광의료재단 충북병원,043-201-3363,청주시 흥덕보건소,2022-05-16,5710000,충청북도 청주시
청원정신건강복지센터,정신보건,충청북도 청주시 청원구 오창읍 과학산업3로 238,충청북도 청주시 청원구 오창읍 각리 639-1,36.71040553,127.4304724,정신건강+질병예방+건강관리,09:00,18:00,토요일+일요일+공휴일,282.3,1,1,12,0,0,,043-215-6868,청주병원,043-201-3467,청주시 청원보건소,2022-05-16,5710000,충청북도 청주시
부산동구정신건강복지센터,정신보건,부산광역시 동구 구청로 1,부산광역시 동구 수정동 806-74,35.12929757,129.0452982,"자살예방 및 정신건강증진, 중증정신질환자관리, 재난정신건강지원 등",09:00,18:00,매주 토요일 + 매주 일요일 + 공휴일,,1,0,7,,정신건강전문요원(8)+서무(1),,051-911-4600,우리병원,051-440-6500,부산광역시 동구 보건소,2022-10-21,3270000,부산광역시 동구
통합건강관리실,건강증진,인천광역시 동구 석수로 90,인천광역시 동구 만석동 18-3,37.48304084,126.6259351,"금연,절주 홍보 및 예방교육,공중이용시설점검,금연클리닉 운영,담배소매점의 청소년 담배판매 모니터링 ,비만관리,노인체조교실 ,주민걷기프로그램 ,비만스크리닝 및 영양상담 식사일지 작성,분석상담비만관리에 따른 영양상담비만관리",09:00,18:00,주말+공휴일,282,0,1,1,3,운동처방사(3),,032-770-5736,동구보건소,032-770-5736,동구보건소,2022-10-20,3500000,인천광역시 동구
장성군정신건강복지센터,건강증진,전라남도 장성군 장성읍 청운11길 13,,35.30454285,126.7824532,"정신질환자 등록관리,자살예방사업, 아동청소년 정신보건사업",09:00,18:00,"토,일요일/공휴일",158,0,6,3,,,전문의 상담을 원하실경우 예약필수,061-395-0199,장성군보건소,061-390-8350,장성군보건소,2022-11-01,4980000,전라남도 장성군
장성군치매안심센터,정신보건,전라남도 장성군 장성읍 성산5길17,전라남도 장성군 장성읍 성산리 178-2,35.3233003,126.808367,"치매상담 및 등록관리사업, 치매조기검진사업, 치매검사비 자원, 치매예방관리사업, 치매환자쉼터, 배회가능 어르신 인식표 보급 사업, 치매치료관리비 지원, 조호물품 제공, 치매가족 및 보호자 지원사업, 치매인식개선사업, 치매파트너 사업, 치매안심마을 운영",09:00,18:00,"토,일요일/공휴일",495,0,7,2,,작업치료사(1)+임상심리사(1),,061-390-7160,장성군보건소,,장성군보건소,2022-11-01,4980000,전라남도 장성군
U_만성질환관리센터(동탄),건강증진,경기도 화성시 노작로 226-9,,37.2070698,127.0786007,고혈압+당뇨병+이상지질혈증+비만+비약물관리,09:00,18:00,토요일+일요일+공휴일,330,0,1,0,1,,,031-5189-4374,한림대학교동탄성심병원 산학협력단,031-5189-4738,경기도 화성시 동탄보건소,2022-11-01,5530000,경기도 화성시
U_만성질환관리센터(기배),건강증진,경기도 화성시 기안남로 62,,37.22433529,126.9846364,고혈압+당뇨병+이상지질혈증+비만+비약물관리,09:00,18:00,토요일+일요일+공휴일,171,0,1,0,1,,,031-5189-4491,한림대학교동탄성심병원 산학협력단,031-5189-4738,경기도 화성시 동탄보건소,2022-11-01,5530000,경기도 화성시
U_만성질환관리센터(봉담),건강증진,경기도 화성시 봉담읍 동화새터길 109,,37.21705438,126.9611048,고혈압+당뇨병+이상지질혈증+비만+비약물관리,09:00,18:00,토요일+일요일+공휴일,273,0,1,0,1,,,031-5189-6253,한림대학교동탄성심병원 산학협력단,031-5189-4738,경기도 화성시 동탄보건소,2022-11-01,5530000,경기도 화성시
U_만성질환관리센터(정남),건강증진,경기도 화성시 정남면 서봉로 998,,37.16027294,126.9711097,고혈압+당뇨병+이상지질혈증+비만+비약물관리,09:00,18:00,토요일+일요일+공휴일,125,0,1,0,1,,,031-5189-4481,한림대학교동탄성심병원 산학협력단,031-5189-4738,경기도 화성시 동탄보건소,2022-11-01,5530000,경기도 화성시
화성시정신건강복지센터(향남본소),건강증진,경기도 화성시 향남읍 향남로 470,,37.13754375,126.9242565,시민대상 정신건강상담+정신건강인식개선 홍보+마음안심버스 운영+정신건강 위기대응 핫라인 운영+정신질환자 주거지원,09:00,18:00,토요일+일요일+공휴일,249,0,3,20,0,,,031-352-0175,사회복지법인)경산복지재단,031-5189-6263,경기도 화성시보건소,2022-11-01,5530000,경기도 화성시
파주시정신건강복지센터,정신보건,경기도 파주시 조리읍 봉천로 68,경기도 파주시 조리읍 봉일천리 188-9,37.74507915,126.8050097,정신질환예방 및 정신질환자 등록 관리,09:00,18:00,토+일+공휴일,714.8,1,4,33,0,0,0,031-942-2117,동국대학교 일산병원,031-940-5464,경기도 파주시청,2022-04-29,4060000,경기도 파주시
건강증진120센터,건강증진,인천광역시 미추홀구 한나루로 444,인천광역시 미추홀구 학익동 4-16,37.44658054,126.667441,건강측정 및 건강상담,09:00,17:00,토+일+법정공휴일,17,0,1,0,0,0,,032-880-7475,미추홀구보건소,032-880-5487,인천광역시 미추홀구 보건소,2022-05-09,3510500,인천광역시 미추홀구
건강증진120센터,건강증진,,인천광역시 미추홀구 도화동 4-1,37.47658524,126.6577232,건강측정 및 건강상담,09:00,17:00,토+일+법정공휴일,34,0,1,0,0,0,,032-728-6319,미추홀구보건소,032-880-5487,인천광역시 미추홀구 보건소,2022-05-09,3510500,인천광역시 미추홀구
건강증진120센터,건강증진,인천광역시 미추홀구 소성로 339,인천광역시 미추홀구 문학동 385-6,37.43768332,126.6850043,건강측정 및 건강상담,09:00,17:00,토+일+법정공휴일,27.3,0,1,0,0,0,,032-728-6513,미추홀구보건소,032-880-5487,인천광역시 미추홀구 보건소,2022-05-09,3510500,인천광역시 미추홀구
건강증진120센터,건강증진,인천광역시 미추홀구 석정로 464,인천광역시 미추홀구 주안5동 20-35,37.4658875,126.687304,건강측정 및 건강상담,09:00,17:00,토+일+법정공휴일,10.2,0,1,0,0,0,,032-861-9788,미추홀구보건소,032-880-5487,인천광역시 미추홀구 보건소,2022-05-09,3510500,인천광역시 미추홀구
건강증진120센터,건강증진,인천광역시 미추홀구 인주대로 198,인천광역시 미추홀구 용현동 140-10,37.45480121,126.658576,건강측정 및 건강상담,09:00,17:00,토+일+법정공휴일,17.2,0,1,0,0,0,,032-728-6177,미추홀구보건소,032-880-5487,인천광역시 미추홀구 보건소,2022-05-09,3510500,인천광역시 미추홀구
건강체력증진센터,건강증진,인천광역시 미추홀구 주안서로 52,인천광역시 미추홀구 주안동 230-8,37.46346603,126.678076,체력검사 및 맞춤운동프로그램 운영,09:00,21:00,토+일+법정공휴일,280.5,0,0,0,0,생활스포츠지도사(1명)+체육정교사(1명),,032-876-0321,미추홀구보건소,032-880-5486,인천광역시 미추홀구 보건소,2022-05-09,3510500,인천광역시 미추홀구
영등포구 정신건강복지센터,정신보건,서울특별시 영등포구 당산로 123(당산동3가),서울특별시 영등포구 당산동3가 385-1,37.52596316,126.8963671,"정신건강 고위험군 조기발견 및 조기개입, 생애주기별 정신건강 예방사업, 정신건강 취약지역 사업자살위기개입 및 관리",09:00,18:00,토+일+공휴일,196.4,0,14,6,0,4,,02-2670-4793,영등포구보건소직영,02-2670-4753,서울특별시 영등포구보건소(건강증진과),2022-05-06,3180000,서울특별시 영등포구
양주시 동부 건강생활지원센터,건강증진,경기도 양주시 화합로1426번길 90,경기도 양주시 덕정동 206,37.83814235,127.0680351,통합건강증진사업 업무,09:00,18:00,매주토요일+매주일요일+공휴일,825,0,2,0,1,5,,031-8082-4341,양주시보건소,031-8082-7117,양주시보건소,2022-05-04,5590000,경기도 양주시
양주시 서부 건강생활지원센터,건강증진,경기도 양주시 광적면 부흥로 618번길 303,경기도 양주시 광적면 광석리 132,37.81249951,126.9723084,통합건강증진사업 업무,09:00,18:00,매주토요일+매주일요일+공휴일,908,0,2,0,1,2,,031-8082-4372,양주시보건소,031-8082-7117,양주시보건소,2022-05-04,5590000,경기도 양주시
수원시행복정신건강복지센터,정신보건,경기도 수원시 장안구 송원로 101,경기도 수원시 장안구 조원동 888,37.30402833,127.0103129,수원시마음건강 지원 사업 생애주기별 정신건강증진 및 질환예방사업 등 수원시 정신건강 비젼 및 계획수립,09:00,18:00,매주 토요일+일요일+공휴일,101,1,4,12,,기타(2),,031-253-5737,장안구보건소,031-228-5907,경기도 수원시 장안구보건소,2022-05-02,3740000,경기도 수원시
수원시아동청소년정신건강복지센터,정신보건,경기도 수원시 팔달구 동말로47번길 17,경기도 수원시 팔달구 화서동 134-3,37.27939629,126.9993939,지역 내 아동 청소년 정신보건사업 기획 조기중재사업 평가사업,09:00,18:00,매주 토요일+일요일+공휴일,574,1,2,6,,기타(2),,031-242-5738,장안구보건소,031-228-5920,경기도 수원시 장안구보건소,2022-05-02,3740000,경기도 수원시
수원시성인정신건강복지센터,정신보건,경기도 수원시 팔달구 매산로 89,경기도 수원시 팔달구 매산로3가 43-1,37.27049849,127.0106742,중증정신 질환 관리 정신건강 증진사업,09:00,18:00,매주 토요일+일요일+공휴일,222,1,7,8,,임상심리사(2)+작업치료사(3)+기타(1),,031-247-0888,장안구보건소,031-228-5920,경기도 수원시 장안구보건소,2022-05-02,3740000,경기도 수원시
수원시자살예방센터,정신보건,경기도 수원시 팔달구 동말로47번길 17,경기도 수원시 팔달구 화서동 134-3,37.27939629,126.9993967,수원시 자살예방사업 종합계획 수립 자살 고위험군 등록관리 및 치료지원,09:00,18:00,매주 토요일+일요일+공휴일,208.62,1,1,10,,,,031-247-3279,장안구보건소,031-228-5907,경기도 수원시 장안구보건소,2022-05-02,3740000,경기도 수원시
울주군정신건강복지센터,정신보건,울산광역시 울주군 삼남면 서향교1길 67-12,울산광역시 울주군 삼남면 교동리 1605-1,35.5583314,129.113771,중증정신질환자관리+정신건강증진+자살예방사업+아동청소년 정신건강증진 등,09:00,18:00,토+일+공휴일,102.9,0,3,13,0,행정업무(2),내소+방문+전화상담+온라인상담,052-262-1148,세광병원,052-204-2733,울산광역시 울주군보건소,2022-08-30,3730000,울산광역시 울주군
영덕군정신건강복지센터,정신보건,경상북도 영덕군 영덕읍 경동로 8367,,36.4181557591,129.3676308742,정신건강증진사업+중증정신질환관리사업+생명존중(자살예방)사업+정신보건 환경조성사업,09:00,18:00,토+일+공휴일,,0,2,3,,,,054-730-7161,,,경상북도 영덕군 보건소,2022-08-24,5180000,경상북도 영덕군
평택시정신건강복지센터,정신보건,경기도 평택시 평택5로56,,36.99089576,127.1119697,정신건강증진 및 자살예방사업,09:00,18:00,공휴일,,0,3,10,,,,031-658-9818,,,경기도 평택시 평택보건소,2022-09-27,3910000,경기도 평택시
포승건강생활지원센터,건강증진,경기도 평택시 포승읍 여술로47,"경기도 평택시 포승읍 도곡리 1110, 다목적복지회관",36.98936154,126.847404,금연+운동관리,09:00,18:00,매주토요일+매주일요일+공휴일,498,0,1,0,1,물리/작업치료사(2)+기타(3),관할지역(포승읍),031-8024-8660,포승건강생활지원센터,,경기도 평택시 평택보건소,2022-09-27,3910000,경기도 평택시
평택시건강증진센터,건강증진,경기도 평택시 평택5로 56,경기도 평택시 비전동 850,36.99089531,127.1119719,통합건강상담실+어린이건강체험관+재활운동실+로봇보행재활실 운영,09:00,18:00,매주토요일+일요일+공휴일,886,0,3,0,2,물리치료사(2)+운동처방사(1),내소 및 사전예약,031-8024-4414,경기도 평택시청 평택보건소,031-8024-4414,경기도 평택시 평택보건소,2022-09-27,3910000,경기도 평택시
대전광역시중구정신건강복지센터,정신보건,대전광역시 중구 수도산로 15,대전광역시 중구 대흥동 365-17,36.3203561,127.4258843,중증정신질환자관리+자살예방 및 정신건강증진사업+아동청소년 정신건강증진사업,09:00,18:00,토+공휴일,294.57,1,3,10,,정신질환자 심리지원 업무(1),,042-257-9930,가톨릭대학교 대전성모병원,042-288-8164,대전광역시 중구청,2022-09-02,3650000,대전광역시 중구
수원시중독관리통합지원센터,정신보건,경기도 수원시 팔달구 매산로 89,경기도 수원시 팔달구 매산로3가 43-1,37.27049849,127.0106742,알코올 및 기타중독자의 발견 및 등록사업 가족전화 내방상담 교육,09:00,18:00,매주 토요일+일요일+공휴일,208.62,0,3,5,,,,031-256-9478,장안구보건소,031-228-5908,경기도 수원시 장안구보건소,2022-05-02,3740000,경기도 수원시
수원시노인정신건강복지센터,정신보건,경기도 수원시 영통구 영통로 396,경기도 수원시 영통구 영통동 961-18,37.2568828,127.0697108,노인정신건강 서비스 대상자 등록 및 관리 의뢰체계 구축 노인정신질환 관련 프로그램 운영,09:00,18:00,매주 토요일+일요일+공휴일,205,1,5,7,,작업치료사(1)+기타(1),,031-273-7524,장안구보건소,031-228-5908,경기도 수원시 장안구보건소,2022-05-02,3740000,경기도 수원시
오남건강생활지원센터,건강증진,경기도 남양주시 오남읍 진건오남로 806-34,경기도 남양주시 오남읍 양지리 96-10번지,37.69857596,127.2048422,만성질환 예방관리+건강생활실천 상담+교육프로그램 운영,09:00,18:00,매주토요일+매주일요일+공휴일,243,0,1,0,1,0,,031-590-8501,,,경기도 남양주풍양보건소,2022-03-31,3990000,경기도 남양주시
와부건강생활지원센터,건강증진,경기도 남양주시 와부읍 월문천로 35,경기도 남양주시 와부읍 덕소리 117-1번지,37.58551455,127.2163294,만성질환 예방관리+건강생활실천 상담+교육프로그램 운영,09:00,18:00,매주토요일+매주일요일+공휴일,664,0,0,0,0,1,,031-590-4394,,,경기도 남양주보건소,2022-03-31,3990000,경기도 남양주시
별내건강생활지원센터,건강증진,경기도 남양주시 별내3로 64-21,경기도 남양주시 별내동 1028번지,37.64616741,127.1218817,만성질환 예방관리+건강생활실천 상담+교육프로그램 운영,09:00,18:00,매주토요일+매주일요일+공휴일,415,0,0,0,0,1,,031-590-8188,,,경기도 남양주풍양보건소,2022-03-31,3990000,경기도 남양주시
다산건강생활지원센터,건강증진,경기도 남양주시 다산중앙로 7,경기도 남양주시 다산동 6150번지,37.613928,127.1555493,만성질환 예방관리+건강생활실천 상담+교육프로그램 운영,09:00,18:00,매주토요일+매주일요일+공휴일,370,0,0,0,0,1,,031-590-8580,,,경기도 남양주보건소,2022-03-31,3990000,경기도 남양주시
건강증진센터,건강증진,서울특별시 서초구 남부순환로 2584,서울특별시 서초구 서초동 1376-3,37.48362486,127.0326987,신체활동사업(체성분+체력측정에 따른 운동상담) 영양사업(영양플러스+영양상담),09:00,18:00,토+일+공휴일,,0,0,0,4,운동처방사 3,,02-2155-8074,서울특별시 서초구보건소 건강관리과,02-2155-8074,서울특별시 서초구 보건소,2022-07-14,3210000,서울특별시 서초구
부안군정신건강복지센터,정신보건,전라북도 부안군 부안읍 오리정로 124,,35.72283463,126.7355916,중증정신질환자관리사업+정신건강증진사업+자살예방사업 등,09:00,18:00,토요일+일요일+공휴일,155.5,1,0,8,0,임상심리사(1명),방문 및 전화,063-581-5830,의료법인 지석의료재단 효병원,063-584-1261,전라북도 부안군 보건소,2022-07-07,4790000,전라북도 부안군
안산시 고혈압당뇨병 등록교육센터,건강증진,경기도 안산시 상록구 차돌배기로1길 5(1층일부),경기도 안산시 상록구 사동 1584(1층일부),37.300265,126.8450634,고혈압 당뇨병환자 등록 관리+ 기본검사 및 상담 교육(기본+심화+체험+운동)+ 리콜리마인드서비스+ 건강행태개선 인센티브 지원+ 치료비 및 등록비 지원 등,09:00,18:00,토+일+공휴일,113,0,4,0,3,,,031-416-9088,안산대학교 산학협력단,031-481-5913,경기도 안산시 상록수보건소,2022-12-15,3930000,경기도 안산시
안산시자살예방센터,정신보건,경기도 안산시 상록구 차돌배기로1길 5,경기도 안산시 상록구 사동 1584,37.300265,126.8450634,자살예방업무,09:00,18:00,토+일+공휴일,82.6,1,1,8,0,임상심리사(1),운영 종료시각 이후 경기도 광역자살예방센터 콜센터로 전화 연결됨,031-418-0123,고려대학교 산학협력단,031-481-5922,경기도 안산시 상록수보건소,2022-12-15,3930000,경기도 안산시
중독관리통합지원센터,정신보건,"경기도 안산시 단원구 화랑로 387, 구 단원보건소 2층","경기도 안산시 단원구 고잔동 515, 구 단원보건소 2층",37.3225569,126.8327135,중독자 등록관리 및 중독예방사업,09:00,18:00,토+일+공휴일,222,1,3,6,0,임상심리사(1),상담 전 전화예약,031-411-8445,고려대학교 산학협력단,02-2286-1527,경기도 안산시 단원보건소,2022-12-15,3930000,경기도 안산시
세종시정신건강복지센터,정신보건,세종특별자치시 조치원읍 대첩로 32,,36.59626916,127.2928906,정신건강증진+자살예방사업,09:00,18:00,토+공휴일,,1,4,10,,작업치료사(3),,044-865-5255,세종충남대학교병원,,세종특별자치시 보건소,2022-12-14,5690000,세종특별자치시
마산정신건강복지센터,정신보건,경상남도 창원시 마산합포구 월영동북로 15,경상남도 창원시 마산합포구 해운동 61-1,35.182399,128.562899,중증정신질환자 관리+ 자살예방 및 정신건강증진+ 아동청소년정신건강증진,09:00,18:00,토+일+공휴일,230,1,4,8,0,0,0,055-225-6032,마산보건소 건강관리과,055-225-6031,경상남도 창원시청,2022-12-09,5670000,경상남도 창원시
진해구건강증진센터,건강증진,경상남도 창원시 진해구 진해대로 1101,경상남도 창원시 진해구 풍호동 1,35.131433,128.7101611,개인맞춤형 운동처방실+ 건강증진프로그램 운영,09:00,17:00,토+일+공휴일,,0,0,0,0,운동처방사(2),0,055-225-6187,진해보건소 보건행정과,055-225-6101,경상남도 창원시청,2022-12-09,5670000,경상남도 창원시
창원정신건강복지센터,정신보건,경상남도 창원시 성산구 중앙대로162번길 9,경상남도 창원시 성산구 신월동 96-2,35.227852,128.685536,정신건강증사업 +자살예방사업,09:00,18:00,토+일+공휴일,131.9,1,3,11,0,0,0,055-287-1223,청아의료재단 동서병원,055-225-5764,경상남도 창원시청,2022-12-09,5670000,경상남도 창원시
진해정신건강복지센터,정신보건,경상남도 창원시 진해구 중원동로 62,경상남도 창원시 진해구 중앙동 11-1,35.149898,128.661939,중증정신질환관리+ 자살예방 + 정신건강증진+ 아동청소년정신건강증진,09:00,18:00,토+일+공휴일,,1,3,2,0,0,0,055-225-6691,진해보건소 서부보건지소,055-225-6691,경상남도 창원시청,2022-12-09,5670000,경상남도 창원시
울진군보건소,건강증진,경상북도 울진군 울진읍 읍내8길 61-8,,36.99621755,129.4045994,운동지도(운동+운동실 기구이용)+영양상담(체지방측정 대사증후군),09:00,17:00,토+일+공휴일,,0,1,0,1,운동처방사(1),,054-789-5081,울진군보건소,054-789-5000,울진군보건소,2022-11-30,5250000,경상북도 울진군
수영구건강증진센터,건강증진,부산광역시 수영구 수영로 637-5,부산광역시 수영구 광안동 661-1,35.1624774,129.1134413,운동+영양+비만+건강행태개선 업무,09:00,18:00,토+일+공휴일,,0,0,0,1,운동처방사(2),없음,051-752-4000,수영구보건소,051-752-4000,수영구보건소,2022-12-05,3380000,부산광역시 수영구
서구정신건강복지센터,정신보건,광주광역시 서구 운천로 172번길 32,광주광역시 서구 쌍촌동 1003-3번지,35.1481692,126.8601743,중증정신질환자관리사업+자살예방사업+아동청소년 정신건강관리사업+정신건강증진사업,09:00,18:00,토+일+공휴일,502,7,6,7,,운전원(1)+임상심리사(2),,062-350-4195,광주광역시 서구보건소,062-350-4195,광주광역시 서구보건소,2022-12-08,3600000,광주광역시 서구
양구군정신건강증진센터,정신보건,강원도 양구군 양구읍 관공서로 42,강원도 양구군 양구읍 하리 34-5,38.10994446,127.9892036,정신장애인 재활프로그램 운영+자살예방,09:00,18:00,매주토요일+일요일+공휴일,100.42,1,3,8,,,1577-0199,033-480-2789,서인병원,033-480-2807,양구군보건소,2022-12-07,4320000,강원도 양구군
당진시보건소 건강증진센터,건강증진,충청남도 당진시 서부로 56,충청남도 당진시 채운동 1040,36.88735969,126.6304725,건강상담+체성분 측정+금연상담,09:00,18:00,토+일+공휴일,,0,2,0,1,운동처방사(1),,041-360-6004,당진시보건소,041-360-6720+,당진시보건소,2022-12-01,5680000,충청남도 당진시
논산시건강생활지원센터,건강증진,충청남도 논산시 해월로125번길 26,충청남도 논산시 화지동 164,36.20478393,127.0822907,건강증진프로그램운영+대사증후군관리 등,09:00,18:00,토+일+공휴일,855.81,0,2,0,1,운동처방사(1)+치과위생사(1),,041-746-8027,논산시보건소,041-746-8027,충청남도 논산시 보건소,2022-11-24,4540000,충청남도 논산시
전주시보건소건강증진센터,건강증진,전라북도 전주시 완산구 전라감영로 33(전주시보건소 3층),전라북도 전주시 완산구 중앙동4가 30-1,35.81584604,127.1433514,영양·비만·운동·절주 등 개인 및 소규모집단에 대한 교육+상담분야별 지속 프로그램 운영,09:00,18:00,법정공휴일,323.4,0,1,0,2,1,,063-281-6333,전주시보건소,063-281-6312,전라북도 전주시보건소,2022-11-28,4640000,전라북도 전주시
장계면건강생활지원센터,건강증진,전라북도 장수군 장계면 한들로 124,전라북도 장수군 장계면 장계리 358-37,35.73113068,127.5856752,만성질환예방및건강한생활습관 형성 지원,09:00,18:00,공휴일,80877,0,1,0,1,3,"만성질환관리, 금연클리닉, 운동(처방)실, 영양상담 등",063-352-8700,전라북도 장수군청 보건사업과,063-350-2651,전라북도 장수군청,2022-11-25,4750000,전라북도 장수군
서천군주민건강센터,건강증진,충청남도 서천군 서천읍 사곡길 26,충청남도 서천군 서천읍 군사리 799,36.08213429,126.6894386,운동관리+영양관리+비만관리,09:00,18:00,토+일+공휴일,729.42,0,0,0,0,운동처방사(2),간편한 복장,041-950-6748,충청남도 서천군보건소,041-950-6712,충청남도 서천군보건소,2022-06-13,4580000,충청남도 서천군
동구정신건강복지센터,정신보건,대구광역시 동구 동촌로 79,대구광역시 동구 검사동 1005-8,35.88812099,128.6512343,정신건강증진+자살예방사업,09:00,18:00,토+일+공휴일,129.03,1,2,4,0,8,,053-983-8340,대구가톨릭대학교,053-662-3237,대구광역시 동구보건소,2022-06-21,3420000,대구광역시 동구
순창건강증진센터,건강증진,전라북도 순창군 순창읍 순창5길11-6,전라북도 순창군 순창읍 남계리 649,35.37279371,127.1407559,운동처방+건강증진,05:30,22:00,일+공휴일,1218,0,0,0,0,계약직(1)+청경(1)+공무직(1),,063-650-5256,순창군보건의료원,063-650-5314,순창군보건의료원,2022-06-15,4770000,전라북도 순창군
광진구정신건강복지센터,정신보건,"서울특별시 광진구 긴고랑로 110, 4층","서울특별시 광진구 중곡동 125-11, 4층",37.55933773,127.0870912,중증정신질환자 등록 사례관리 및 재활프로그램운영+생애주기별 정신건강사업+정신건강상담+지역주민 심리지원,09:00,18:00,토+일+공휴일,309,1,4,11,1,,,02-450-1895,멘토스병원,02-450-1934,서울특별시 광진구 보건소,2022-07-05,3040000,서울특별시 광진구
대덕구남부건강생활지원센터,건강증진,대전광역시 대덕구 동춘당로187,대전광역시 대덕구 법동 192-1,36.36720857,127.4308384,주민참여기반의 건강증진사업,09:00,18:00,토+일+공휴일,486.42,1,4,0,1,체육지도자 5명,금연클리닉,042-608-4474,대덕구남부건강생활지원센터,042-608-5499,대전광역시 대덕구보건소,2022-07-05,3680000,대전광역시 대덕구
안동시주민건강지원센터,건강증진,경상북도 안동시 서동문로 165,경상북도 안동시 북문동 58,36.5669986,128.7302562,만성질환관리+금연클리닉+영양플러스+건강증진실+구강보건+방문보건업무 등 건강증진프로그램 운영,09:00,18:00,토+일+공휴일,,5,7,0,6,위생사(1)+물리치료사(2)+작업치료사(1)+의무기록(1)+치과위생사(4)+간호조무사(1)+행정업무보조(1),,054-840-5997,경상북도 안동시 보건소,054-840-5997,경상북도 안동시 보건소,2022-06-30,5070000,경상북도 안동시
구리시정신건강증진센터,건강증진,경기도 구리시 건원대로 34번길 84,경기도 구리시 인창동 674-3,37.604755,127.145063,기초정신건강증진센터 운영+정신질환자 치료비지원 사업+아동청소년 정신건강증진+자살예방사업,09:00,18:00,토요일+일요일+공휴일,330,1,9,16,0,0,방문전사전예약,031-523-8614,학교법인 한양학원(소관청 : 한양대학교구리병원),031-550-8628,경기도 구리시청 보건소,2022-06-30,3980000,경기도 구리시
삼척시정신건강복지센터,정신보건,강원도 삼척시 척주로 76,강원도 삼척시 남양동 347-4,37.4437523,129.1722129,자살예방 및 정신건강증진사업,09:00,18:00,매주 토요일+일요일+공휴일,,1,4,10,,,,033-574-0190,의료법인 동해동인의료재단,033-570-4696,강원도 삼척시보건소,2022-07-01,4240000,강원도 삼척시
괴산군정신건강복지센터,정신보건,"충청북도 괴산군 괴산읍 동진천길 43, 2층",충청북도 괴산군 괴산읍 동부리 641,36.80799723,127.7966873,정신건강증진사업+자살예방사업+만성정신질환자관리사업+아동청소년정신건강증진사업,09:00,18:00,토+일+공휴일,,0,1,6,0,0,,043-832-0330,,043-832-0330,충청북도 괴산군보건소,2022-06-01,4460000,충청북도 괴산군
음성군 건강증진센터,건강증진,충청북도 음성군 음성읍 중앙로 49,충청북도 음성군 음성읍 읍내리 406-4,36.92884607,127.6888780885,운동기구를 활용한 체력단련,09:00,18:00,매주토요일+일요일+공휴일,379,0,1,0,1,운동처방사(1),,043-871-2089,충청북도 음성군 보건소,043-872-2136,충청북도 음성군 보건소,2022-06-23,4470000,충청북도 음성군
건강생활지원센터,건강증진,강원도 홍천군 북방면 상화계2길 17,강원도 홍천군 북방면 상화계리 97-1,37.70603484,127.8542579,북방면 건강증진프로그램 운영,09:00,18:00,토+일+공휴일,330.9,0,2,0,1,3,인바디사전예약요망,033-430-4132,해당사항 없음,033-430-4132,강원도 홍천군보건소,2022-06-22,4250000,강원도 홍천군
금산군정신건강복지센터,건강증진,충청남도 금산군 금산읍 금산로 1559,충청남도 금산군 금산읍 중도리 203-1,36.112082,127.491624,만성정신질환자관리+자살예방사업+아동청소년 정신건강사업,09:00,18:00,매주 일요일+공휴일,195,0,3,7,0,1,,041-751-4721,충남대학교 산학협력단,041-750-4364,충청남도 금산군 보건소,2022-06-21,4550000,충청남도 금산군
함양군건강증진센터,건강증진,경상남도 함양군 함양읍 한들로 139,경상남도 함양군 함양읍 용평리 630-3,35.51955171,127.7314751,정신+재활사업,09:00,18:00,주말+공휴일,327.83,0,4,4,0,2,,055-960-8060,함양군보건소,055-960-5114,경상남도 함양군청,2022-06-24,5460000,경상남도 함양군
예산군보건소 건강증진센터,건강증진,충청남도 예산군 예산읍 군청로 22,충청남도 예산군 예산읍 예산리 777,36.68088054,126.8448507,건강증진사업+건강상담,09:00,18:00,토+일,4654.11,1,1,1,1,운동처방사(1),,041-339-6080,충청남도 예산군보건소,041-339-6080,충청남도 예산군보건소,2022-06-24,4610000,충청남도 예산군
예산군정신건강복지센터,정신보건,충청남도 예산군 예산읍 군청로 22,충청남도 예산군 예산읍 예산리 777,36.68088054,126.8448507,정신건강증진사업+자살예방사업,09:00,18:00,토+일,4654.11,1,6,0,0,,의사상담 사전예약,041-339-6111,충청남도 예산군보건소,041-339-6111,충청남도 예산군보건소,2022-06-24,4610000,충청남도 예산군
예산정신요양원,정신보건,충청남도 예산군 예산읍 간양길 258,충청남도 예산군 예산읍 간양리 46,36.72533069,126.8784205,만정 정신질환자 요양 및 보호,09:00,18:00,연중무휴,629.65,1,2,5,1,시설장(1)+사무국장(1)+사무원(1)+정신건강전문요원(1)+영양사(1)+간호사(2)+생활복지사(5)+작업지도원(1)+조리원(3)+위생원(1)+관리인(1)+안전요원(1)+촉탁의(1),,041-334-7951,충청남도 예산정신요양원,041-339-6113,충청남도 예산군보건소,2022-06-24,4610000,충청남도 예산군
양천구 정신건강복지센터,정신보건,서울특별시 양천구 목동서로 339(신정동),서울특별시 양천구 신정동 321-5,37.517794,126.865739,만성정신질환자 관리사업+정신건강증진사업+아동청소년 정신건강특화사업,09:00,18:00,토요일+일요일+공휴일,198,1,1,13,0,,,02-2061-8881,양천구보건소,02-2620-3941,서울특별시 양천구,2022-08-05,3140000,서울특별시 양천구
순천시 정신건강복지센터,정신보건,전라남도 순천시 중앙로 232 순천시 보건소 2층,전라남도 순천시 석현동 35-6,34.96667705,127.4860726,정신건강 복지,09:00,18:00,토+일+공휴일,,2,8,3,,,,061-749-6695,전라남도 순천시 보건소,061-749-6888,전라남도 순천시 보건소,2022-07-29,4820000,전라남도 순천시
순천시치매안심센터,건강증진,전라남도 순천시 중앙로 232,전라남도 순천시 석현동 35-6,34.96667705,127.4860726,치매예방+상담+조기진단+보건복지 자원연계 및 교육 등 통합관리,09:00,18:00,토+일+공휴일,738,0,10,2,0,,,061-749-8888,전라남도 순천시 보건소,061-749-8888,전라남도 순천시 보건소,2022-07-29,4820000,전라남도 순천시
완정건강생활지원센터,건강증진,"인천광역시 서구 청마로167번길 19 (당하동, 2층)",인천광역시 서구 당하동 1097-4,37.59210105,126.6746306,영양관리+대사증후군관리+비만+금연관리+임산부관리+구강건강+건강강좌+재활보건사업,09:00,18:00,토+일+공휴일,,0,3,0,0,운동처방사(1)+작업치료사(1),,032-718-0530,인천광역시 서구보건소,032-718-0530,인천광역시 서구보건소,2022-07-26,3560000,인천광역시 서구
석남건강생활지원센터,건강증진,인천광역시 서구 길주로 79,인천광역시 서구 석남동 518-18,37.50672637,126.670879,영양관리+대사증후군관리+비만+금연관리+임산부관리+구강건강+건강강좌+어린이건강체험관,09:00,18:00,토+일+공휴일,,0,3,0,0,운동처방사(1)+치과위생사(1),,032-718-0552,인천광역시 서구보건소,032-718-0552,인천광역시 서구보건소,2022-07-26,3560000,인천광역시 서구
가좌건강생활지원센터,건강증진,인천광역시 서구 건지로284번길 60,인천광역시 서구 가좌동 145-43,37.49392982,126.6730183,영양관리+대사증후군관리+비만+금연관리+임산부관리+구강건강+건강강좌,09:00,18:00,토+일+공휴일,,0,2,0,1,운동처방사(1),,032-718-0570,인천광역시 서구보건소,032-718-0570,인천광역시 서구보건소,2022-07-26,3560000,인천광역시 서구
검단건강생활지원센터,건강증진,인천광역시 서구 완정로 214,인천광역시 서구 금곡동 736-6,37.60359356,126.6529551,영양관리+대사증후군관리+비만+금연관리+임산부관리+구강건강+건강강좌,09:00,18:00,토+일+공휴일,,0,3,0,1,운동처방사(1),,032-560-5080,인천광역시 서구보건소,032-560-5080,인천광역시 서구보건소,2022-07-26,3560000,인천광역시 서구
강동구정신건강복지센터,정신보건,서울특별시 강동구 성내로 45,서울특별시 강동구 성내2동 541-2번지,37.52954199,127.125597,중증사례관리사업+아동청소년사업+우울자살예방사업+지역환경조성사업,09:00,18:00,토+일+공휴일,77.28,1,0,11,0,심리상담사(1),강동구민누구나(문의후이용),02-471-3223,국립중앙의료원,02-2260-7092,서울특별시 강동구보건소,2022-07-21,3240000,서울특별시 강동구
서산시보건소 건강증진센터,건강증진,충청남도 서산시 호수공원 6로 6,충청남도 서산시 예천동 496-1,36.77457668,126.4445156,기초튼튼운동+요통예방운동+대사증후군개선운동+비만관리+영양관리+건강상담,09:00,18:00,매주토요일+매주일요일+공휴일,4620.01,0,1,0,1,운동처방사(1),검사 전날 밤 10부터 금식 요망,041-661-8106,서산시보건소,041-661-6559,충청남도 서산시보건소,2022-07-27,4530000,충청남도 서산시
춘천시민건강증진센터,건강증진,강원도 춘천시 중앙로 131,강원도 춘천시 중앙로3가 67,37.875777,127.720819,체성분측정+체력측정+운동상담+영양상담+비만클리닉+건강증진 프로그램 운영,09:00,18:00,토+일+공휴일,459,1,1,0,3,2,체성분측정시 식후 2시간후에 측정가능,033-250-4693,강원도 춘천시 보건소,033-250-3577,강원도 춘천시 보건소,2022-07-12,4180000,강원도 춘천시
건강증진센터,건강증진,강원도 철원군 갈말읍 군탄로 16,강원도 철원군 갈말읍 군탄리960-2,38.1481382,127.3025602,"건강증진상담 및 교육, 운동프로그램운영",09:00,18:00,"법정공휴일, 임시 및 대체 공휴일",564.93,0,1,0,1,1,0,033-450-5123,건강증진센터,333-450-5550,철원군보건소,2021-10-20,4300000,강원도 철원군
완도군정신건강복지센터,정신보건,전라남도 완도군 완도읍 농공단지길34,,34.33582329,126.731327,"정신건강복지사업, 자살예방사업",09:00,18:00,주말 및 공휴일,,1,3,3,,,,061-550-6745,,,완도군,2021-10-15,4990000,전라남도 완도군
남구정신건강증진센터,정신보건,광주광역시 남구 봉선로1,광주광역시 남구 주월동 1284-1,35.13290539,126.902408,정신건강증진사업,09:00,18:00,"매주토요일,일요일",164.5,1,5,8,,임상심리사(2),,062-676-8236,국립나주병원,062-607-4391,광주광역시 남구 보건소,2021-10-12,3610000,광주광역시 남구
시흥시정신건강복지센터,정신보건,경기도 시흥시 호현로 55,경기도 시흥시 대야동 484-5,37.44558366,126.7852959,생애주기별 정신건강증진사업/정신장애인관리사업/자살예방사업,09:00,18:00,토요일+일요일+공휴일,231.4,0,9,27,0,자문의(2)+심리상담사(3),,031-316-6661,경복대학교산학협력단,,경기도 시흥시청,2022-12-01,4010000,경기도 시흥시
보령시보건소 건강증진센터,건강증진,충청남도 보령시 남포면 보령남로 234,충청남도 보령시 남포면 봉덕리 39-1,36.32450916,126.6023712,개인 운동상담 및 체성분 측정+영양상담+건강상담,09:00,18:00,토+일+법정공휴일,,0,0,0,1,체육지도자(1),041-930-0900,041-930-5980,보령시보건소,041-930-5961,충청남도 보령시,2022-12-12,4510000,충청남도 보령시
함안군건강생활지원센터,건강증진,경상남도 함안군 칠원읍 용산1길 54-5,경상남도 함안군 칠원읍 구성리 646-2,35.31011238,128.5167043,지역주민 건강생활실천 + 만성질환 예방 및 관리,09:00,18:00,토요일+일요일+공휴일,,0,2,0,,,,055-580-3312,경상남도 함안군보건소,,함안군보건소,2022-12-01,5400000,경상남도 함안군
함안군정신건강복지센터,정신보건,경상남도 함안군 가야읍 중앙남4길 10,경상남도 함안군 가야읍 말산리 100,35.2757073,128.410279,중증정신질환자 관리사업+지역정신건강 위기대응 사업+아동청소년 정신건강증진사업+고위험군 및 일반인 대상 정신건강증진사업+자살예방사업,09:00,18:00,토요일+일요일+공휴일,,1,6,3,,,,055-580-3201,경상남도 함안군보건소,,함안군보건소,2022-12-01,5400000,경상남도 함안군
정신건강복지센터,정신보건,경상남도 양산시 중앙로 7-32,경상남도 양산시 다방동 506-3,35.33215753,129.0379934,정신건강증진사업+자살예방사업,09:00,18:00,법정공휴일휴무,273,1,3,9,0,정신건강임상심리사(2)+임상심리사(2)+작업치료사(1),,055-367-2255,정신건강복지센터,055-392-5721,경상남도 양산시 보건소,2022-12-06,5380000,경상남도 양산시
여주시정신건강복지센터,정신보건,경기도 여주시 여흥로160번길 14(상동),,37.29461028,127.640392,정신건강증진 및 자살예방사업,09:00,18:00,토요일+일요일+공휴일,,1,13,7,,임상심리사(1),,031-886-3435,,,경기도 여주시청,2022-11-01,5700000,경기도 여주시
양평군정신건강복지센터(부설 자살예방센터),정신보건,"경기도 양평군 양평읍 중앙로111번길 34-21, 3층","경기도 양평군 양평읍 공흥리 310-9, 3층",37.49662351,127.505177,정신건강증진+자살예방관리,09:00,18:00,토요일+일요일+공휴일,425.36,1,2,7,0,1,방문전 전화문의요망,031-771-3521,한양대학교 산학협력단,031-770-3534,경기도 양평군보건소,2022-11-17,4170000,경기도 양평군
양평군 건강관리중앙센터,건강증진,"경기도 양평군 양평읍 마유산로 7, 보건소 뒤",경기도 양평군 양평읍 양근리 535-14,37.49761932,127.486322,운동+질환+영양+심뇌혈관,09:00,18:00,토요일+일요일+공휴일,198,0,1,0,1,1(운동처방사),,031-770-2273,양평군보건소,031-770-2273,경기도 양평군보건소,2022-11-17,4170000,경기도 양평군
양평군 건강관리서부센터,건강증진,"경기도 양평군 양서면 북한강로 38, 에코힐링센터내 3층",경기도 양평군 양서면 양수리 961,37.54711021,127.3215219,운동+질환+영양+심뇌혈관,09:00,18:00,토요일+일요일+공휴일,416,0,1,0,0,2(운동처방사),,031-770-3447,양평군보건소,031-770-3447,경기도 양평군보건소,2022-11-17,4170000,경기도 양평군
웰빙건강클리닉센터(우정),건강증진,경기도 화성시 우정읍 쌍봉로 109-14,,37.08982591,126.8153597,생애주기별 신체활동프로그램 제공,09:00,18:00,토요일+일요일+공휴일,361,0,0,0,1,2(운동사),,031-5189-6413,장안대학교산하협력단,031-5189-3545,경기도 화성시보건소,2022-11-01,5530000,경기도 화성시
웰빙건강클리닉센터(서신),건강증진,경기도 화성시 서신면 궁평항로 1702,,37.16658698,126.7087356,생애주기별 신체활동프로그램 제공,09:00,18:00,토요일+일요일+공휴일,160,0,0,0,0,2(운동사),,031-5189-6482,장안대학교산하협력단,031-5189-3545,경기도 화성시보건소,2022-11-01,5530000,경기도 화성시
U_만성질환관리센터(향남),건강증진,경기도 화성시 향남읍 3.1만세로 1055,,37.12928157,126.9045557,고혈압+당뇨병+이상지질혈증+비만+비약물관리,09:00,18:00,토요일+일요일+공휴일,84,0,1,0,1,,,031-5189-6371,한림대학교동탄성심병원 산학협력단,031-5189-4738,경기도 화성시 동탄보건소,2022-11-01,5530000,경기도 화성시
묵호건강증진센터,건강증진,강원도 동해시 발한로 227 (발한동),강원도 동해시 발한동 17-9,37.5495162,129.1081409,심뇌혈관질환예방관리사업+동해시치매안심센터,09:00,18:00,토+일+공휴일,540.3,0,6,2,1,,"치매 검진 : 만60세 이상, 년1회 검진, 고혈압당뇨병등록교육센터-혈압, 당뇨 측정",033-530-2426,동해시보건소,033-530-2401,강원도 동해시보건소,2022-09-16,4210000,강원도 동해시
청양군정신건강증진센터,정신보건,충청남도 청양군 청양읍 칠갑산로 7길 54,충청남도 청양군 청양읍 읍내리 261-1,36.45501978,126.8049308,자살예방 및 정신건강증진,08:30,17:30,"매주 토요일,일요일, 공휴일",138.8,1,3,5,1,2,0,041-940-4533,청양군정신건강증진센터,041-940-4516,청양군보건의료원,2021-10-14,4590000,충청남도 청양군
군산시정신건강복지센터,정신보건,전라북도 군산시 공단대로 482(나운동),전라북도 군산시 나운동 808-2,35.9646059,126.6897785,"중증정신질환자 관리사업, 정신건강증진사업, 자살예방사업, 아동청소년정신보건사업",09:00,18:00,공휴일+주말,345.6,1,4,18,0,0,,063-451-0363,신세계병원,063-460-3209,군산시 보건소,2021-10-14,4670000,전라북도 군산시
군산시중독관리통합지원센터,정신보건,전라북도 군산시 공단대로 482(나운동),전라북도 군산시 나운동 808-2,35.9646059,126.6897785,"중독상담, 중독자관리등",09:00,18:00,공휴일+주말,345.6,1,2,1,0,0,,063-464-0061,군산의료원,063-460-3209,군산시 보건소,2021-10-14,4670000,전라북도 군산시
용산구 시민건강관리센터,건강증진,서울특별시 용산구 녹사평대로150,,37.53245265,126.9904783,"대사증후군관리, 금연상담",09:00,18:00,매주토요일+매주일요일+공휴일,,2,6,0,,,,02-2199-8158,,02-2199-8184,서울특별시 용산구 보건소,2021-09-15,3020000,서울특별시 용산구
용산구 정신건강복지센터,정신보건,서울특별시 용산구 녹사평대로150,,37.53245265,126.9904783,"중증정신질환자 사례관리,정신건강상담 등",09:00,18:00,매주토요일+매주일요일+공휴일,,0,4,4,,1,,02-2199-8340,,02-2199-8142,서울특별시 용산구 보건소,2021-09-15,3020000,서울특별시 용산구
통합건강증진센터,건강증진,"부산광역시 사하구 하신중앙로185(신평동, 사하구제2청사)",부산광역시 사하구 신평동 646-2,35.09496298,128.9615461,"대사증후군 클리닉, 영양, 금연클리닉, 모바일헬스케어",09:00,18:00,"공휴일, 주말",,0,1,0,3,3,,051-220-5781,사하구 보건소,051-220-5712,사하구보건소,2021-09-23,3340000,부산광역시 사하구
사하구정신건강복지센터,정신보건,"부산광역시 사하구 장림번영로 41, 한국메디칼빌딩 5층(장림동)",부산광역시 사하구 장림동 325-67,35.08083406,128.9699332,"정신건강증진사업, 중증정신질환자관리사업, 아동청소년정신건강증진사업, 자살예방사업",09:00,18:00,"주말, 국가 지정 공휴일",334.73,0,0,12,0,5,,051-263-8891,부산정신병원,051-220-0071,사하구보건소,2021-09-23,3340000,부산광역시 사하구
함평군통합건강관리센터,건강증진,전라남도 함평군 함평읍 중앙길 54-8,전라남도 함평군 함평읍 기각리 253,35.06189599,126.5242477,"신체활동, 영양, 비만 등 건강상담",09:00,18:00,"토, 일, 법정공휴일",245.68,0,0,0,1,2,,061-320-2451,함평군보건소,061-320-2413,함평군보건소,2021-09-25,4960000,전라남도 함평군
제주시정신건강복지센터,정신보건,제주특별자치도 제주시 연삼로 264,,33.49159994,126.520276,고위험군 등록 및 사례관리. 재활프로그램 운영. 자살유가족 서비스. 상담 및 교육 홍보 등,09:00,18:00,매주 토요일. 일요일. 공휴일. 근로자의 날(매년 5월 1일),,1,5,14,,4,○ 방문 전 전화 문의 ○ 상담의 경우 전화상담 필수,064-728-4074,의료법인 연강재단,064-728-4074,제주시 제주보건소,2021-08-11,6510000,제주특별자치도 제주시
제주중독관리통합지원센터,정신보건,제주특별자치도 제주시 서사로 184,,33.49593437,126.5194874,중독조기발견 및 개입서비스. 중독질환 관리.  중독폐혜 예방교육 및 홍보 등,09:00,18:00,매주 토요일. 일요일. 공휴일. 근로자의 날(매년 5월 1일),,1,3,2,,0,○ 방문 전 전화 문의 ○ 상담의 경우 전화상담 필수,064-759-0911,의료법인 연강재단,064-759-0911,제주시 제주보건소,2021-08-11,6510000,제주특별자치도 제주시
남악 건강생활지원센터,건강증진,전라남도 무안군 삼향읍 남악3로 40(2층),,34.80941832,126.4610002263,"건강생활실천, 만성질환관리, 여성과 어린이건강관리, 지역거버넌스 구축",09:00,18:00,"토,일,공휴일",1214,0,3,0,0,1,,061-450-5001,무안군보건소,061-450-5026,무안군보건소,2021-08-25,4950000,전라남도 무안군
해남건강누리센터,건강증진,전라남도 해남군 해남읍 해남로 46,,34.57046123,126.6120439,"운동·영양상담, 금연상담, 체력단련",09:00,18:00,매주토요일+매주일요일+공휴일,,0,0,2,,,,061-531-3786,,,전라남도 해남군 보건소,2021-08-09,4930000,전라남도 해남군
은평구정신건강복지센터,정신보건,서울특별시 은평구 연서로 34길 11,서울특별시 은평구 불광동 130-2,37.62156914,126.9276195,"정신건강 교육 및 홍보, 고위험군 발견 및 연계, 전문 상담 및 관리",09:00,18:00,법정 공휴일,186,0,3,5,,2,,02-351-8680,서울특별시 은평구 보건소,02-351-8682,서울특별시 은평구 보건소,2021-08-01,3110000,서울특별시 은평구
횡성군정신건강복지센터,정신보건,강원도 횡성군 횡성읍 횡성로 379,강원도 횡성군 횡성읍 읍하리 598,37.4871296,127.9844504,"중증정신질환자관리 및 자살예방사업, 신규정신질환자 발굴 및 프로그램 운영",09:00,18:00,법정공휴일,185,1,3,4,0,1,1577-0199,033-345-9901,연세대학교 원주 세브란스 기독병원,033-340-5618,강원도 횡성군 보건소,2021-08-05,4260000,강원도 횡성군
동두천시정신건강복지센터,정신보건,경기도 동두천시 중앙로 167,경기도 동두천시 생연동 714-10,37.89661147,127.051717,"중증전신질환관리,자사예방,정신건강증진,환경조성및인식개선 업무",09:00,18:00,공휴일,710,1,7,13,0,0,,031-863-3632,동두천시정신건강복지센터,031-860-3385,동두천시청 보건소,2021-07-21,3920000,경기도 동두천시
동두천요양원(정신요양시설),정신보건,경기도 동두천시 평화로3208번길 43-15,경기도 동두천시 하봉암동 153,37.97388525,127.0688704,"생활,심리,사회,교육,직업재활 업무",09:00,18:00,공휴일,2200,1,2,11,1,13,,031-867-9820,동두천요양원,031-860-3385,동두천시청 보건소,2021-07-21,3920000,경기도 동두천시
성북구정신건강복지센터,정신보건,"서울특별시 성북구 화랑로 63, 6층","서울특별시 성북구 하월곡동 46-1, 6층",37.60270967,127.0395315,"초발,중증정신질환자관리, 아동청소년정신건강관리,우울자살예방, 알코올중독관리 및 예방, 정신건강증진환경 조성, 코로나 관련 자가격리자 상담",09:00,18:00,"매주토요일, 일요일, 공휴일",50,0,4,9,,,사전 전화 예약 후 상담,02-2241-6313,성북구보건소,02-2241-6133,성북구보건소,2021-06-28,3070000,서울특별시 성북구
건강관리센터,건강증진,서울특별시 서대문구 연희로242,서울특별시 서대문구 연희동 165-2,37.5786098,126.9362749,대사증후군관리,09:00,18:00,토+일+공휴일,46.8,1,2,0,2,,,02-330-8727,서대문구보건소,02-330-8630,서대문구보건소,2022-08-11,3120000,서울특별시 서대문구
양양군정신건강복지센터,정신보건,강원도 양양군 양양읍 양양로 9-5,강원도 양양군 양양읍 연창리 203-5,38.07784528,128.6274871,만성정신질환자관리+정신건강증진사업+생명존중사업,09:00,18:00,토+일+공휴일,80,0,2,6,0,0,,033-670-1730,,033-670-1730,강원도 양양군청,2022-08-19,4350000,강원도 양양군
건강증진센터,건강증진,인천광역시 강화군 강화읍 충렬사로 26-1,인천광역시 강화군 강화읍 남산리 324-1,37.73723039,126.4847095,체력측정실+비만영양클리닉+금연클리닉+운동체험실운영,09:00,18:00,토+일,,0,1,0,3,간호조무사(1),,032-930-4075,강화군보건소,032-930-4044,인천광역시 강화군 보건소,2022-08-11,3570000,인천광역시 강화군
안성시보건소 건강증진센터,건강증진,경기도 안성시 강변로74번길 18,경기도 안성시 도기동 67-21,37.0001476,127.2698156,"체성분측정, 혈압, 혈당, 콜레스테롤 측정, 만성질환교육, 영양교육, 비만교육, 신체활동 교육",09:00,18:00,토요일+일요일+공휴일,,0,2,0,1,생활스포츠지도사,,031-678-5756,안성시보건소 건강증진센터,031-678-5710,경기도 안성시,2021-03-15,4080000,경기도 안성시
송파건강증진센터,건강증진,서울특별시 송파구 올림픽로 326,서울특별시 송파구 신천동 29-5,37.514469,127.1058587,일반종합검진,09:00,18:00,공휴일,,1,1,0,0,방사선사(1)+운동처방사(1),검사전날 9시부터 금식,02-2147-3539,송파구보건소,,서울특별시 송파구 보건소,2021-02-16,3230000,서울특별시 송파구
송파건강관리센터,건강증진,서울특별시 송파구 올림픽로 326,서울특별시 송파구 신천동 29-5,37.51447565,127.1058587,"1차 진료, 운동, 영양, 금연, 치매,대사증후군 관리서비스 제공",09:00,18:00,"매주 토요일, 일요일, 법정공휴일 등",550,4,5,1,3,임상병리사(1)+금연상담사 (1),방문 전 전화 요망,02-2147-3456,송파구보건소,02-2147-3470,서울특별시 송파구 보건소,2021-02-16,3230000,서울특별시 송파구
울릉군 통합건강증진실,건강증진,경상북도 울릉군 울릉읍 울릉순환로 396-18,,37.48590672,130.8994626,"통합건강증진사업(금연, 절주, 신체활동, 영양구강, 심뇌혈관질환예방관리, 아토피천식, 여성어린이특화, 재활, 방문건강관리 등), 기초건강측정(혈압, 혈당, 염도, CO)",09:00,18:00,매주토요일+매주일요일+공휴일,,0,1,3,0,보건학전공자(1),,054-790-6826,,054-790-6823,울릉군보건의료원,2020-12-31,5260000,경상북도 울릉군
고창군정신건강복지센터,정신보건,전라북도 고창군 고창읍 전봉준로 90,전라북도 고창군 고창읍 율계리101,35.4437625509,126.6832504419,"중증정신질환자관리사업, 정신건강증진사업, 아동청소년 정신건강증진사업, 자살예방 심리치유지원사업",09:00,18:00,매주 토요일+일요일+공휴일,201,1,3,8,,,,063-563-8751,영광기독신하병원,061-350-7000,전북 고창군 보건소,2020-11-30,4780000,전라북도 고창군
유성구 보건소 건강증진센터,건강증진,대전광역시 유성구 유성대로 730번길 51,대전광역시 유성구 장대동 282-15,36.3581253,127.3354682,"개인별 맞춤형 운동처방, 대사증후군관리,비만,영양관리, 신체활동 교육, 체성분검사, 운동상담 등",09:00,18:00,주말 및 국정공휴일,162.93,0,0,0,0,건강운동관리사(1)+생활체육지도자(1),사전예약(방문 및 전화 예약),042-611-5096,대전 유성구보건소,042-611-5098,대전유성구보건소,2020-12-15,6300000,대전광역시
서구보건소 건강증진센터,건강증진,대전광역시 서구 만년로 74,대전광역시 서구 만년동 74,36.3670619,127.3810998,"개인별 맞춤형 운동처방, 대사증후군관리,비만,영양관리, 신체활동 교육, 체성분검사, 운동상담 등",09:00,18:00,주말 및 국정공휴일,159,0,0,0,0,운동처방사(2),사전예약(방문 및 전화 예약),042-288-4673,대전 서구보건소,042-288-4546,대전 서구보건소,2020-12-15,6300000,대전광역시
관저보건지소 건강증진센터,건강증진,대전광역시 서구 구봉산북로 300,대전광역시 서구 관저동 1424,36.3010372,127.3450071,"개인별 맞춤형 운동처방, 대사증후군관리,비만,영양관리, 신체활동 교육, 체성분검사, 운동상담 등",09:00,18:00,주말 및 국정공휴일,174,0,0,0,0,운동처방사(2),사전예약(방문 및 전화 예약),042-288-4634,대전 관저보건지소,042-288-4634,대전 관저보건지소,2020-12-15,6300000,대전광역시
동구보건지소 건강증진지원센터,건강증진,대전광역시 동구 현암로 22(삼성동),,36.3429869594,127.4204616889,"개인별 맞춤형 운동처방, 비만, 신체활동 교육, 체성분검사, 운동상담 등",09:00,18:00,주말 및 국정공휴일,267.3,0,0,0,0,운동처방사(1),사전예약(방문 및 전화 예약),042-636-7629,대전 동구보건지소,042-636-7629,대전 동구보건지소,2020-12-15,6300000,대전광역시
대덕구 보건소 건강생활지원센터,건강증진,대전광역시 대덕구 동춘당로 187,,36.3672076725,127.4308386054,"개인별 맞춤형 운동처방, 대사증후군관리,비만,영양관리, 신체활동 교육, 체성분검사, 운동상담 등",09:00,18:00,주말 및 국정공휴일,491,0,1,0,1,운동관리사(4),사전예약(방문 및 전화 예약),042-608-4474,대전 대덕구 보건소,042-608-4474,대전 대덕구 보건소,2020-12-15,6300000,대전광역시
제천시보건소 건강증진센터,건강증진,충청북도 제천시 의림대로 242,충청북도 제천시 청전동 110,37.1493417,128.2160865,건강상담 및 신체계측,09:00,18:00,토요일+일요일+공휴일,,0,2,0,1,운동처방사(2),"제천시민 누구나이용 가능, 무료",043-641-3210,제천시보건소,043-646-2720,충청북도 제천시보건소,2022-10-18,4400000,충청북도 제천시
용두건강생활지원센터,건강증진,충청북도 제천시 용두대로17길8,충청북도 제천시 하소동323-24,37.1423157,128.2003609,신체활동사업+영양사업+구강보건사업+만성질환예방관리사업등,09:00,18:00,토요일+일요일+공휴일,305.29,0,2,0,1,팀장(1)+운동처방사(1)+치위생사(1)+청사관리(1),"제천시민 누구나이용 가능, 무료",043-641-3282,제천시보건소,043-646-2720,충청북도 제천시보건소,2022-10-18,4400000,충청북도 제천시
부산진구 건강증진센터,건강증진,부산광역시 부산진구 시민공원로 30,부산광역시 부산진구 부암동 666-16,35.16282985,129.0531867,건강증진사업+정신건강복지센터+영양상담실+금연클리닉+만성질환관리실+체력측정실,09:00,18:00,토요일+일요일+공휴일,,0,18,13,2,,,051-605-5941,부산진구청,051-605-5941,부산진구청,2022-10-12,3290000,부산광역시 부산진구
관악구정신건강복지센터,정신보건,서울특별시 관악구 관악로 145,서울특별시 관악구 봉천동 1570-1,37.47820977,126.9515032,중증정신질환관리+아동청소년정신건강관리+정신건강증진+자살예방사업,09:00,18:00,토+일+공휴일,189.18,0,3,12,0,심리상담사(3),,02-879-4911,서울특별시 관악구 보건소,02-879-7182,서울특별시 관악구청,2022-10-12,3200000,서울특별시 관악구
화성시정신건강복지센터(봉담클럽하우스),건강증진,경기도 화성시 봉담읍 진등1길 47-2,,37.22054852,126.9481643,"정신질환자 발굴 및 지역사회 복귀 지원+집중사례관리(남부권, 북부권)+지역사회 재활프로그램(북부권)",09:00,18:00,토요일+일요일+공휴일,231,0,2,8,0,,,031-352-0175,사회복지법인)경산복지재단,031-5189-3707,경기도 화성시보건소,2022-11-01,5530000,경기도 화성시
화성시정신건강복지센터(마인드스텝센터),건강증진,경기도 화성시 봉담읍 효행로 212,,37.2281435,126.9664249,아동청소년 정신질환 조기 검진 및 상담+집중사례관리+집단프로그램+부모 및 교사교육,09:00,18:00,토요일+일요일+공휴일,446,0,0,5,0,,,031-352-0175,사회복지법인)경산복지재단,031-5189-3293,경기도 화성시보건소,2022-11-01,5530000,경기도 화성시
화성시정신건강복지센터(마도분소),건강증진,경기도 화성시 마도면 마도북로 389,,37.205486,126.7696448,정신질환자 발굴 및 지역사회 복귀 지원+집중사례관리(서부권)+지역사회 재활프로그램(서부권),09:00,18:00,토요일+일요일+공휴일,33,0,0,3,0,,,031-352-0175,사회복지법인)경산복지재단,031-5189-3707,경기도 화성시보건소,2022-11-01,5530000,경기도 화성시
화성시정신건강복지센터(동탄분소),건강증진,경기도 화성시 노작로 226-9,,37.2070698,127.0786007,정신질환자 발굴 및 지역사회 복귀 지원+집중사례관리(동부권),09:00,18:00,토요일+일요일+공휴일,56,0,1,6,0,,,031-352-0175,사회복지법인)경산복지재단,031-5189-3707,경기도 화성시보건소,2022-11-01,5530000,경기도 화성시
화성시정신건강복지센터 부설 자살예방센터(T.T ZONE),건강증진,경기도 화성시 동탄대로8길 36,,37.17054785,127.1104567,자살고위험군 위기상담 및 등록 사례관리+생명존중문화 확산을 위한 교육 및 홍보+T.T ZONE 운영,09:00,18:00,토요일+일요일+공휴일,497,0,2,10,0,,,031-352-0175,사회복지법인)경산복지재단,031-5189-3293,경기도 화성시보건소,2022-11-01,5530000,경기도 화성시
화성시중독관리통합지원센터(정남),정신보건,경기도 화성시 정남면 서봉로 998,,37.16027294,126.9711097,중독질환자 사례관리+중독회복프로그램+생애주기별중독폐해예방,09:00,18:00,토요일+일요일+공휴일,125,0,1,5,0,,,031-354-6614,경산복지재단,031-5189-6263,경기도 화성시보건소,2022-11-01,5530000,경기도 화성시
화성시중독관리통합지원센터(동탄),정신보건,경기도 화성시 노작로 226-9,,37.2070698,127.0786007,중독질환자 사례관리+중독회복프로그램+생애주기별중독폐해예방,09:00,18:00,토요일+일요일+공휴일,330,0,0,4,0,,,031-8003-3803,경산복지재단,031-5189-6263,경기도 화성시보건소,2022-11-01,5530000,경기도 화성시
정신요양시설 은혜원,정신보건,경기도 화성시 장안면 포승장안로 1194-24,,37.0723901,126.8474567,만성 정신질환자들의 요양 및 보호함으로써 삶의 질 향상 및 사회복귀 도모,09:00,18:00,연중무휴,4069,1,7,18,1,,,031-351-2772,사회복지법인 성혜원,031-5189-3377,경기도 화성시보건소,2022-11-01,5530000,경기도 화성시
김포시보건소 건강증진센터,건강증진,경기도 김포시 사우중로 108(김포시보건소),경기도 김포시 사우동 869(김포시보건소),37.62373439,126.7229474,"기초체력검사/ 체성분 검사 및 운동처방 상담, 지도/ 대사증후군 상담",09:00,18:00,토요일+일요일+공휴일,255,0,1,0,0,운동처방사1명,,031-5186-4135,김포시보건소,031-980-5023,경기도 김포시청 보건소,2022-10-31,4090000,경기도 김포시
연천군건강증진센터,건강증진,경기도 연천군 전곡읍 은대성로 95,경기도 연천군 전곡읍 은대리 577-36,38.02353445,127.0609628,영양상담+운동처방,09:00,18:00,토요일+일요일+공휴일,205.5,0,0,0,2,업무보조(1),,031-839-4178,경기도 연천군 보건의료원,031-839-4178,경기도 연천군 보건의료원,2022-11-06,4140000,경기도 연천군
금정구 건강생활지원센터,건강증진,부산광역시 금정구 서동로175번길 41-5,부산광역시 금정구 서동 122-6,35.21544759,129.1074473,"만성질환관리를 위한 건강상담실 운영, 체력단련실 및 재활운동실 운영, 건강증진 프로그램 및 건강동아리 운영 등",09:00,18:00,주말 및 공휴일,430.8,0,3,0,0,"운전1, 운동처방사1, 물리치료사(보건행정과)",,051-519-5481,금정구보건소,051-519-5480,금정구보건소,2022-10-18,3350000,부산광역시 금정구
장전2동 건강생활지원센터,건강증진,부산광역시 금정구 금정로 29-6,부산광역시 금정구 장전동 343-4,35.2274584,129.0855712,"만성질환관리를 위한 건강상담실 운영, 체력단련실 운영, 건강증진 프로그램 및 건강동아리 운영 등",09:00,17:00,주말 및 공휴일,463.18,0,2,0,1,운동처방사1,,051-519-5801,금정구보건소,051-519-5478,금정구보건소,2022-10-18,3350000,부산광역시 금정구
원주시정신건강복지센터,정신보건,강원도 원주시 원일로 139,강원도 원주시 일산동 211,37.3515821,127.9467619,정신질환관리+지역주민 정신건강증진+아동청소년 정신건강증진+자살예방사업 등,09:00,18:00,토+일+공휴일,431.6,1,11,20,0,0,,033-746-0199,연세대학교 원주산학협력단,033-737-4083,강원도 원주시 보건소,2022-10-13,4190000,강원도 원주시
금천구정신건강복지센터,정신보건,서울특별시 금천구 시흥대로 123길 11,서울특별시 금천구 독산동 289-5,37.47021905,126.897019,중증정신질환자관리+아동청소년정신건강사업+알코올중독관리사업+자살위기대응사업,09:00,18:00,토+일+공휴일,429,1,1,14,0,,,02-3281-9314,의료법인 새움의료재단,02-2627-2656,서울특별시 금천구 보건소,2022-09-07,3170000,서울특별시 금천구
전라북도정신건강복지센터,정신보건,"전라북도 전주시 덕진구 정여립로 1115, 4층",,35.8486054285,127.0836014854,정신건강증진사업+자살예방사업+24시간 정신건강 위기상담전화 및 위기개입팀 운영 등,09:00,18:00,토요일+일요일+공휴일,,1,3,31,,,,063-251-0650,,,전라북도청,2022-10-12,6450000,전라북도
평창군건강생활지원센터,건강증진,강원도 평창군 진부면 석두산2길 13,강원도 평창군 진부면 하진부리 251-2,37.6372676451,128.553517,만성질환예방관리+ 운동+영양+금연+구강+비만관리+재활+방문원격,09:00,21:00,토+일+공휴일,903,0,3,1,0,물리치료사+운동처방사+간호조무사+사회복무요원+공공근로,내소,033-336-6128,평창군보건의료원,033-330-2147,강원도 평창군청,2022-09-23,4280000,강원도 평창군
동작구정신건강복지센터,정신보건,서울특별시 동작구 사당로 253-3,서울특별시 동작구 사당동 324-14,37.48367377,126.9758719,정신질환자 조기발견 및 관리,09:00,17:00,토+일+공휴일,200,0,4,6,0,심리상담사(3),상담 원할시 사전 전화연락 요망,02-820-4072,동작구보건소,02-820-1425,서울특별시 동작구 보건소,2022-10-05,3190000,서울특별시 동작구
건강증진실,건강증진,경상북도 봉화군 봉화읍 봉화로 1203,경상북도 봉화군 봉화읍 내성리 285,36.89071878,128.7418543,건강증진,09:00,18:00,토요일+일요일+공휴일,,0,0,0,1,0,,054-679-6736,경상북도 봉화군 보건소,054-679-6732,경상북도 봉화군 보건소,2022-10-05,5240000,경상북도 봉화군
정신건강복지센터,정신보건,경상북도 봉화군 봉화읍 거촌로 12-3,경상북도 봉화군 봉화읍 내성리 285,36.89092462,128.742158,정신건강증진사업,09:00,18:00,토요일+일요일+공휴일,,1,2,8,0,심리상담사(2),,054-674-1126,태훈의료재단,054-679-6763,경상북도 봉화군 보건소 건강관리과,2022-10-05,5240000,경상북도 봉화군
장흥군건강증진센터,건강증진,전라남도 장흥군 장흥읍 흥성로 49,전라남도 장흥군 장흥읍 건산리 378,34.67646767,126.9083343,인바디 측정+운동치료,09:00,18:00,토+일+공휴일,,0,2,0,0,행정업무(1),,061-860-6489,장흥군보건소,061-860-6489,장흥군보건소,2022-09-19,4910000,전라남도 장흥군
북삼건강생활지원센터,건강증진,강원도 동해시 청운로 96,강원도 동해시 쇄운동 157-1,37.48852873,129.1026735,대사증후군관리사업+금연지원사업,09:00,18:00,토+일+공휴일,557.8,0,4,0,1,,"대사증후군관리센터-전날10시부터 금식, 금연지원사업-매주수요일 이동클리닉운영",033-530-2423,동해시보건소,033-530-2401,강원도 동해시보건소,2022-09-16,4210000,강원도 동해시
통합건강증진센터,건강증진,경상북도 포항시 북구 삼흥로 98,경상북도 포항시 북구 장성동 1363,36.07066182,129.3804374,"대사증후군 관리 원스톱 운영, 생애주기별, 생활터별 건강증진 프로그램 운영, 모바일헬스케어 운영",09:00,18:00,토요일+일요일+공휴일,336,0,2,0,1,운동처방사 1명,,054-270-4105,통합건강증진센터,054-270-4105,포항시 북구보건소,2021-11-12,5020000,경상북도 포항시
통합건강증진센터,건강증진,경상북도 포항시 남구 동해안로 6119,경상북도 포항시 남구 인덕동 161-1,35.99244128,129.396245,"대사증후군 관리 원스톱 운영, 생애주기별, 생활터별 건강증진 프로그램 운영, 모바일헬스케어 운영",09:00,18:00,토요일+일요일+공휴일,,0,2,0,1,운동처방사 1명,,054-270-4081,통합건강증진센터,054-270-4081,포항시 남구보건소,2021-11-12,5020000,경상북도 포항시
건강증진센터,건강증진,경상북도 성주군 성밖숲길 12,,35.91741735,128.2785293,건강증진상담및교육,09:00,18:00,법정 공휴일,922,0,2,0,1,6(운동처방사(1)+금연상담사(2)+간호사(2)+영양사(1),,054-930-8193,성주군보건소,054-930-8193,성주군보건소,2020-07-15,5210000,경상북도 성주군
통합건강증진센터,건강증진,충청남도 계룡시 장안로 54,충청남도 계룡시 금암동 10,36.2730058,127.250047,"신체활동, 영양, 비만, 만성질환 검사 및 상담",09:00,18:00,월 ~ 금 근무,165,0,3,0,1,1,,042-840-3531,계룡시보건소,042-840-3507,계룡시보건소,2019-06-01,5580000,충청남도 계룡시
의왕시정신건강복지센터,정신보건,"경기도 의왕시 오봉로34, 의왕시보건소 별관 1층",,37.34378796,126.9719938,생명사랑프로젝트사업+노인자살예방사업+청년정신건강증진사업+치료비지원사업 등,09:00,18:00,토+일요일+공휴일,,1,5,7,0,,,031-458-0682,,031-458-0682,경기도 의왕시보건소,2022-11-21,4030000,경기도 의왕시
완주군 정신건강복지센터,정신보건,전라북도 완주군 삼례읍 삼봉로 215-20,전라북도 완주군 삼례읍 수계리 695-3,35.9212441090,127.0926479522,"정신질환자 예방,치료,재활 등 정신건강증진 도모",09:00,18:00,"토,일, 공휴일",181.4,1,0,5,0,전문요원 (10),,063-262-3066,완주군 정신건강복지센터,063-290-3067,전라북도 완주군보건소,2022-11-25,4720000,전라북도 완주군
완주군구강보건센터,건강증진,전라북도 완주군 삼례읍 삼봉로 215-20,전라북도 완주군 삼례읍 수계리 695-3,35.9212441090,127.0926479522,구강보건증진업무,09:00,18:00,"매주토요일,일요일+공휴일",58.9,4,0,0,0,3,없음,063-290-3142,완주군 구강보건센터,063-290-3008,전라북도 완주군보건소,2022-11-25,4720000,전라북도 완주군
나주시정신건강증진센터,정신보건,전라남도 나주시 풍물시장2길 57-32 (4층),전라남도 나주시 이창동 740-1,34.995257,126.7082868,중증정신질환자 관리+자살예방관리+정신건강증진사업 등,09:00,18:00,매주 토요일+일요일+공휴일,150.75,1,1,6,0,임상심리사(2),,061-333-6200,국립나주병원,061-339-4762,전라남도 나주시 보건소,2022-11-22,4830000,전라남도 나주시
빛가람건강생활지원센터,건강증진,전라남도 나주시 빛가람로 721,전라남도 나주시 빛가람동 202,35.0222054,126.790659,건강증진실 운영+신체활동프로그램+임산부 및 영유아프로그램+금연상담 등,09:00,18:00,매주 토요일+일요일+공휴일,641.58,0,2,0,0,치위생사(1)+작업치료사(1)+물리치료사(1),,061-339-4751,나주시 보건소,061-339-4751,전라남도 나주시 보건소,2022-11-22,4830000,전라남도 나주시
남동구정신건강복지센터,정신보건,"인천광역시 남동구 인주대로 819, 6층",인천광역시 남동구 구월동 1318-3,37.4488382,126.728235,만성정신질환관리사업+정신건강증진사업+아동청소년정신건강사업+자살예방사업,09:00,18:00,토요일+일요일+공휴일,325,1,1,21,,,,032-465-6412,의료법인 정진의료재단 영화병원,032-453-5802,치매정신건강과,2022-11-21,3530000,인천광역시 남동구
건강생활지원센터,건강증진,부산광역시 중구 흑교로48,부산광역시 중구 보수동1가 95-3,35.103775,129.025356,건강측정+상담 및 프로그램 운영,09:00,18:00,주말+공휴일,886.038,0,1,0,1,물리치료사(1)+운동처방사(1)+건강매니저(1),,051-600-4721,중구보건소,051-600-4741,중구보건소,2022-11-17,3250000,부산광역시 중구
건강체험실,건강증진,부산광역시 연제구 연제로2,부산광역시 연제구 연산동 1555,35.17621174,129.0797456,구민 건강증진프로그램 운영,09:00,18:00,토+일+공휴일,239.4,0,0,0,2,2,인바디사전예약요망,051-665-4818,부산광역시 연제구보건소,051-665-5540,부산광역시 연제구보건소,2022-11-23,3370000,부산광역시 연제구
사상구건강증진센터,건강증진,부산광역시 사상구 가야대로196번길 51,부산광역시 사상구 학장동 288-12,35.14744572,128.9948744,체성분 측정 및 운동 처방+혈압혈당측정 및 상담+금연클리닉 등,09:00,18:00,토요일+일요일+공휴일,17993,0,1,0,1,운동처방사(2),코로나로인한휴무,051-310-3393,부산광역시 사상구보건소 건강증진계,051-310-4831,부산광역시 사상구보건소,2022-11-23,3390000,부산광역시 사상구
영천시정신건강복지센터,정신보건,경상북도 영천시 조양공원길 21,경상북도 영천시 창구동 7,35.966608,128.9322974,정신건강관리,09:00,18:00,토+일요일+공휴일,,1,7,7,,임상심리사(2)+행정사무원(1),,054-331-6770,,054-339-7838,영천시 보건소,2022-10-18,5100000,경상북도 영천시
구미시정신건강복지센터,정신보건,경상북도 구미시 선산대로 111,경상북도 구미시 지산동 853-12,36.13993105,128.3459831,"중증정신질환자 관리, 자살예방, 정신건강증진",09:00,18:00,토+일+공휴일,,0,16,10,0,2,,054-444-0199,경북대학교,054-480-4062,경상북도 구미시 구미보건소,2022-10-21,5080000,경상북도 구미시
구미중독관리통합지원센터,정신보건,경상북도 구미시 검성로 115,경상북도 구미시 황상동 110,36.11857165,128.4314026,"알코올, 도박, 인터넷, 약물 중독관리",09:00,18:00,토+일+공휴일,,1,0,5,0,1,,054-474-9791,대구가톨릭사회복지재단,054-480-4062,경상북도 구미시 구미보건소,2022-10-21,5080000,경상북도 구미시
양평군 건강관리동부센터(추가),건강증진,"경기도 양평군 용문면 용문로 391, 동부청소년문화의집 내 3층",경기도 양평군 용문면 다문리 344-5,37.4868945389,127.5962016791,운동+질환+영양+심뇌혈관,09:00,18:00,토요일+일요일+공휴일,427,0,0,0,0,2(운동처방사),,031-770-3494,양평군보건소,031-770-3494,경기도 양평군보건소,2022-11-17,4170000,경기도 양평군
울산광역시 동구보건소 건강증진센터,건강증진,울산광역시 동구 봉수로 155,울산광역시 동구 화정동 222,35.50506971,129.4164300357,장애인 전용 건강증진 프로그램 운영,09:00,18:00,공휴일+일요일+토요일,277.38,1,1,0,0,"물리치료사(2), 운동처방사(1)",12:00~13:00 중식시간 이용불가,052-209-4058,울산동구보건소,052-209-4053,울산광역시동구보건소,2022-11-11,3710000,울산광역시 동구
울산광역시동구정신건강증진센터,정신보건,울산광역시 동구 봉수로 155,울산광역시 동구 화정동 222,35.50506971,129.4164300357,"만성정신질환자관리, 지역주민 정신건강증진, 아동청소년정신보건, 자살예방사업",09:00,18:00,공휴일+일요일+토요일,178.5,1,0,7,0,정신보건임상심리사(2),12:00~13:00 중식시간 이용불가,052-209-1040,울산대학교병원,052-209-6968,울산광역시동구보건소,2022-11-11,3710000,울산광역시 동구
건강증진센터,건강증진,경기도 광주대로 91 제이지빌딩 2층,광주시 송정동 100-1 2층,37.414811,127.259611,금연업무+ 건강생활실천업무+ 대사증후군관리+ 영양관리+ 절주및비만관리 업무+ 노인건강증진업무,09:00,18:00,토요일+일요일+공휴일,49877,0,3,0,1,기타(7),,031-760-2549,경기도 광주시청,031-760-2110,광주시청,2022-09-21,5540000,경기도 광주시
정신건강복지센터,정신보건,경상남도 거제시 수양로 506,경상남도 거제시 양정동 981,34.89168757,128.6365604,"정신건강사업,자살예방사업",09:00,18:00,주말+공휴일,27002,1,13,2,,3물리치료사1작업치료사1,,055-639-6119,,055-639-6200,거제시보건소,2022-10-21,5370000,경상남도 거제시
